Year,Title,Rating
1924,1. Den giriga,8.0
1924,"2. Fart, flickor och faror",8.2
1924,3. Peter Pan,7.1
1924,4. Sista skrattet,8.0
1924,5. Nibelungen Del 1. Siegfried Drakdödaren,8.1
1924,6. Tjuven i Bagdad,7.7
1924,7. Han som får örfilarna,7.7
1924,8. Järnhästen,7.2
1924,9. Orlacs händer,7.0
1924,10. Skepp ohoj!,7.5
1924,11. Das Wachsfigurenkabinett,6.5
1924,12. Gösta Berlings saga,7.0
1924,13. Den siste kavaljeren,6.6
1924,14. Akta er för flickor!,7.7
1924,15. L'inhumaine,7.2
1924,16. Aelita,6.4
1924,17. Nibelungen II: Kriemhilds hämnd,7.9
1924,18. Dantes inferno,5.7
1924,19. The Great White Silence,7.9
1924,20. Kapten Blod,6.5
1924,21. Romola,6.1
1924,22. Mikael,7.1
1924,23. Three Women,6.4
1924,24. La galerie des monstres,7.0
1924,25. The Enemy Sex,
1925,1. Pansarkryssaren Potemkin,7.9
1925,2. Fantomen på stora operan,7.5
1925,3. The Wizard of Oz,4.9
1925,4. Guldfeber,8.1
1925,5. Ben-Hur,7.8
1925,6. Den stora paraden,7.9
1925,7. En försvunnen värld,7.0
1925,8. Strejken,7.6
1925,9. Busters miljoner,7.8
1925,10. Den siste hövdingen,6.9
1925,11. Heja! Heja! Heja!,7.5
1925,12. The Pleasure Garden,5.8
1925,13. Svarta örnen,6.6
1925,14. Den glädjelösa gatan,7.1
1925,15. Karl XII,7.1
1925,16. Den glada änkan,7.2
1925,17. Hycklaren,7.1
1925,18. The Unholy Three,7.1
1925,19. Nattens barn,6.7
1925,20. Die Königin der Altstadt,5.1
1925,21. Kofösaren,7.1
1925,22. Stella Dallas,7.3
1925,23. Du skal ære din hustru,7.0
1925,24. Varieté,7.4
1925,25. The Monster,6.2
1926,"1. Moana, solens son",6.8
1926,2. Så går det till i krig,8.1
1926,3. Faust,8.1
1926,4. Enligt lag,7.6
1926,5. The Great Gatsby,
1926,6. Prins Achmeds äventyr,7.8
1926,7. En sida av vansinnet,7.3
1926,8. Tricolorens hjältar,7.0
1926,9. Mysteriet Flädermusen,6.5
1926,10. Bergens hemlighet,6.6
1926,11. Den röda bokstaven,7.6
1926,12. Åtrå,7.6
1926,13. Sheikens son,6.6
1926,14. Don Juan,7.0
1926,15. The Strong Man,6.6
1926,16. Sjörövaren,7.0
1926,17. Friskt humör,6.2
1926,18. Havets befriare,6.9
1926,19. Satans sorger,6.2
1926,20. Fresterskan,6.9
1926,21. 3 dåliga män,7.5
1926,22. Studenten från Prag,6.9
1926,23. Det brinner i öster,7.1
1926,24. Inte ett ord till min fru,7.1
1926,25. The Mountain Eagle,
1927,1. Metropolis,8.3
1927,2. Soluppgång,8.1
1927,3. Vingarna,7.5
1927,4. Napoleon,8.2
1927,5. Jazzsångaren,6.4
1927,6. The Lodger,7.3
1927,7. Konungarnas konung,7.4
1927,8. The Unknown,7.7
1927,9. London After Midnight,6.6
1927,10. Dagar som skakat världen,7.4
1927,11. Det,7.2
1927,12. Downhill,6.0
1927,13. I sjunde himlen,7.6
1927,14. En fasansfull natt,7.1
1927,15. Cirkusboxaren,6.1
1927,16. Underworld,7.5
1927,17. Hallåflickan,6.8
1927,"18. Berlin, storstadssymfoni",7.6
1927,19. Skilsmässornas barn,6.5
1927,20. Onkel Toms stuga,6.8
1927,21. Anna Karenina,6.8
1927,"22. Rodd, hopp och kärlek",6.9
1927,23. Lillebror,7.6
1927,24. Annie Laurie,6.6
1927,25. Frestelse,6.6
1928,1. En kvinnas martyrium,8.1
1928,2. Skrattmänniskan,7.6
1928,3. Cirkus,8.1
1928,4. Stormen,8.0
1928,5. Kanonfotografen,8.0
1928,6. En av de många,8.1
1928,7. Hennes förflutna,7.2
1928,8. La chute de la maison Usher,7.2
1928,9. The Farmer's Wife,5.8
1928,10. Klondyke,7.0
1928,11. Noaks ark,6.6
1928,12. U.44,6.3
1928,13. Sista Kommandot,7.9
1928,14. Hans son på galejan,7.8
1928,15. Alraune,6.2
1928,16. Champagne,5.4
1928,17. Spionen,7.5
1928,18. Our Dancing Daughters,6.7
1928,19. Skratta Pajazzo,7.5
1928,20. The Way of the Strong,6.2
1928,21. The Viking,6.6
1928,22. In Old Arizona,5.5
1928,23. De 4 djävlarna,
1928,24. That Certain Thing,6.3
1928,25. En natt i hamn,7.5
1929,1. Die Büchse der Pandora,7.7
1929,2. Hell's Heroes,7.2
1929,3. Mannen med filmkameran,8.3
1929,4. Utpressning,6.9
1929,5. Månraketen,7.2
1929,6. Broadways melodi,5.6
1929,7. The Wild Party,6.2
1929,8. Dansösen från Ziegfeld Follies,5.7
1929,9. Mannen med järnmasken,7.0
1929,10. Millionärernas paradis,6.8
1929,11. Kinesflickan,7.1
1929,12. En förlorads dagbok,7.8
1929,13. Prinsgemålen,7.0
1929,14. Manxmannen,6.2
1929,15. Jazzdrottningen,7.2
1929,16. Bulldog Drummond,6.3
1929,17. Midnattsmysteriet,5.9
1929,18. The Younger Generation,6.4
1929,19. The Locked Door,6.0
1929,20. Queen Kelly,7.1
1929,21. Juno och påfågeln,4.6
1929,22. Lavinen,7.2
1929,23. Hollywood Revyn,5.7
1929,24. Disraeli,6.1
1929,25. Kyssen,6.8
1930,1. Guldåldern,7.2
1930,2. På västfronten intet nytt,8.1
1930,3. Konsten att behålla en man,6.3
1930,4. Asfaltens liljor,6.7
1930,5. Rymdens demoner,7.3
1930,6. Blå ängeln,7.6
1930,7. Mot lyckans land,7.2
1930,8. Holiday,6.3
1930,9. Marocko,7.0
1930,10. The Widow from Chicago,6.4
1930,11. Mannens moral - och kvinnans,6.7
1930,12. Madam Satan,6.3
1930,13. Muntra musikanter,7.4
1930,14. Jazzkungen,6.7
1930,15. Inom lagens gränser,6.3
1930,16. Mord,6.3
1930,17. Zigenarkärlek,5.5
1930,18. The Woman Racket,5.7
1930,19. Anna Christie,6.5
1930,20. Menschen am Sonntag,7.3
1930,21. Vår natt - din och min,6.0
1930,22. Abraham Lincolns liv,5.7
1930,23. Rain or Shine,5.5
1930,24. Playing Around,5.8
1930,25. Up the River,5.9
1931,1. M,8.3
1931,2. Stadens ljus,8.5
1931,3. Marius,7.8
1931,4. Mysteriet 'Dracula',7.4
1931,5. Frankenstein,7.8
1931,6. Public Enemy - samhällets fiende nr 1,7.6
1931,7. Dr. Jekyll och Mr. Hyde,7.6
1931,8. Little Caesar,7.2
1931,9. Drácula,7.0
1931,10. The Miracle Woman,7.2
1931,11. Falken från Malta,6.8
1931,12. Platinum Blonde,6.7
1931,13. Private Lives,6.7
1931,14. Tabu,7.4
1931,15. Cimarron,5.8
1931,16. Farlig kärlek,6.6
1931,17. Brytningstider,7.5
1931,18. Mata Hari,6.5
1931,19. Night Nurse,7.0
1931,20. Ten Cents a Dance,6.5
1931,21. Street Scene,7.6
1931,22. Three Wise Girls,6.5
1931,23. Bachelor Apartment,6.2
1931,24. Fyra fräcka fripassagerare,7.4
1931,25. Svengali,6.8
1932,1. Överraskade av natten,7.0
1932,2. Fanny,7.8
1932,3. Freaks,7.8
1932,4. Scarface - Chicagos siste gangster,7.7
1932,5. Mumien vaknar,7.0
1932,6. Vampyr,7.4
1932,7. Grand Hotel,7.3
1932,8. Tarzan,6.9
1932,9. Mänskligt villebråd,7.1
1932,10. Island of Lost Souls,7.4
1932,11. Förbjuden,6.9
1932,12. Shanghai expressen,7.3
1932,13. Farväl till vapnen,6.4
1932,14. The Little Rascals: Classic and Hidden Episodes,8.3
1932,15. I korsets tecken,6.8
1932,16. Den stora fasan,7.7
1932,17. Tjuvar i paradiset,7.9
1932,18. Kinesflickans hämnd,6.9
1932,19. Blonda Venus,7.1
1932,20. Nasa - Halvblodet,7.0
1932,21. Vit vålnad,6.2
1932,22. Jag är en förrymd kedjefånge,8.2
1932,23. Hans hustrus brott,7.1
1932,24. Taifun,7.2
1932,25. Fyra farliga friare,7.5
1933,1. Unga kvinnor,7.2
1933,2. King Kong,7.9
1933,3. Den osynlige mannen,7.6
1933,4. Middag kl. 8,7.5
1933,5. Fyra fula fiskar,7.7
1933,6. 42:a gatan,7.3
1933,7. Extas,6.6
1933,8. Alice in Wonderland,6.3
1933,9. Gold Diggers 1934,7.7
1933,10. Christina,7.5
1933,11. Doktor Mabuses testamente,7.9
1933,12. Två människor,7.1
1933,13. Lady för en dag,7.4
1933,14. En farlig kvinna,7.5
1933,15. Flyg med till Rio!,6.6
1933,16. Världen går under,6.4
1933,17. Cavalcade,5.8
1933,18. Kinesiska rummets hemlighet,6.8
1933,19. Följ med oss till Honolulu,7.5
1933,20. Oss gentlemän emellan,7.4
1933,21. Footlight Parade,7.5
1933,22. Lady Lou,6.3
1933,23. Mystery of the Wax Museum,6.8
1933,24. Jag är ingen ängel,6.9
1933,25. The Story of Temple Drake,7.1
1934,1. Det var två glada gesäller,7.1
1934,2. Den gäckande skuggan,7.9
1934,3. Det hände en natt,8.1
1934,4. Flygets lilla fästmö,7.2
1934,5. Greven av Monte Cristo,7.4
1934,6. Mannen som visste för mycket,6.7
1934,7. Tarzan och den vita kvinnan,7.2
1934,8. Continental,7.4
1934,9. Uppror mot livet,7.5
1934,10. Den svarta katten,6.9
1934,11. Skattkammarön,7.1
1934,12. Cleopatra,6.8
1934,13. L'atalante,7.7
1934,14. Röda nejlikan,7.3
1934,15. En kvinnas slav,7.0
1934,16. The Scarlet Empress,7.5
1934,17. Döden tar semester,6.9
1934,18. Glada änkan,7.2
1934,"19. Krut, kulor och kanaljer",5.9
1934,20. Primadonna,7.3
1934,21. Anne på Grönkulla,7.0
1934,22. Ett farligt möte,6.9
1934,23. En Manhattan-melodram,7.1
1934,24. Under-bar,6.5
1934,25. Bachelor Bait,6.1
1935,1. Scrooge,6.5
1935,2. De 39 stegen,7.6
1935,3. Frankensteins brud,7.8
1935,4. Top Hat,7.7
1935,5. Viljans triumf,7.1
1935,6. Myteri,7.6
1935,7. Spöket reser västerut,6.7
1935,8. Kapten Blod,7.7
1935,9. Lilla hjärtetjuven,6.8
1935,10. Galakväll på operan,7.8
1935,11. I skuggan av giljotinen,7.8
1935,12. En midsommarnattsdröm,6.8
1935,13. Skriet från vildmarken,6.8
1935,14. David Copperfield,7.3
1935,15. Samhällets fiende no 1,7.3
1935,16. Lilla oversten,7.0
1935,17. Mark of the Vampire,6.2
1935,18. Merlusse,6.9
1935,19. En förtjusande pojke,6.2
1935,20. Spökhotellet,5.9
1935,21. Det var livat i Paris,7.6
1935,22. Mad Love,7.2
1935,23. Dr Yogami från London,6.3
1935,24. Anna Karenina,7.0
1935,25. Raskolnikov,6.9
1936,1. Moderna tider,8.5
1936,2. Herr Langes brott,7.3
1936,3. César,7.6
1936,4. Three Godfathers,7.3
1936,5. Tider skola komma,6.6
1936,6. Godfrey ordnar allt,7.9
1936,7. En gentleman kommer till sta'n,7.8
1936,8. Efter den gäckande skuggan,7.6
1936,9. Dansen går,7.5
1936,10. Lille lorden,7.3
1936,11. Flash Gordon,7.0
1936,12. Fru Sherlock Holmes,6.9
1936,13. Kapten Januari,7.0
1936,14. Draculas dotter,6.3
1936,15. Ching Ching,7.1
1936,16. Theodora leker med elden,7.1
1936,"17. Fåglarna sjunga kl 1,45",7.0
1936,18. Varför byta männen hustru?,7.7
1936,19. Tell Your Children,3.7
1936,20. Mannen som sålde sitt liv,7.5
1936,21. Kameliadamen,7.3
1936,22. Den store Ziegfeld,6.6
1936,23. Hämnden,7.0
1936,24. Fury,7.8
1936,25. Mitt liv är en dans,6.7
1937,1. Snövit och de sju dvärgarna,7.6
1937,2. Pépé från Marseille,7.7
1937,3. Det spökar på sta'n,7.2
1937,4. Heidi,7.2
1937,5. Bortom horisonten,7.6
1937,6. Hollywood,7.3
1937,7. Andy Hardy på vift,6.6
1937,8. A Family Affair,6.6
1937,9. Min fru har en fästman,7.7
1937,10. Regementets mascot,6.9
1937,11. Får jag lov?,7.4
1937,12. Ung och oskyldig,6.8
1937,13. Den stora illusionen,8.1
1937,14. En flicka i knipa,6.8
1937,15. I skyskrapornas skugga,7.2
1937,16. Förbjuden ingång,7.7
1937,17. Havets hjältar,7.9
1937,18. Skymning,8.2
1937,19. Storstadsdesperados,7.1
1937,20. I havets famn,7.3
1937,21. Stella Dallas,7.4
1937,22. En boxare bland gangsters,7.2
1937,23. Glada galoscher,7.6
1937,24. Född till gentleman,6.3
1937,25. Ingenting är heligt,6.8
1938,1. Dimmornas kaj,7.7
1938,2. A Christmas Carol,7.5
1938,3. En friare i societén,7.7
1938,4. Panik i gangstervärlden,7.9
1938,5. Komedien om oss människor,7.8
1938,6. Robin Hoods äventyr,7.9
1938,7. Andy Hardy och kärleken,6.7
1938,8. Ingen fara på taket,7.8
1938,9. Andy Hardy i vilda västern,6.5
1938,10. En dam försvinner,7.7
1938,11. Han som tänkte med hjärtat,7.2
1938,12. Familjen Hardy reser till sta'n,6.6
1938,13. Miss America,7.0
1938,14. Pygmalion,7.7
1938,15. Storm över Ryssland,7.5
1938,16. Hans hemliga fru,7.1
1938,17. Skandalen kring Julie,7.4
1938,18. Marie Antoinette,7.3
1938,19. Blåskäggs åttonde hustru,7.2
1938,20. Gentleman på luffen,7.3
1938,21. Tom Sawyers äventyr,7.0
1938,22. Vi ses igen!,7.0
1938,23. Algiers,6.6
1938,24. Det spökar på rivieran,6.4
1938,25. New Yorks undre värld,6.8
1939,1. Borta med vinden,8.2
1939,2. Trollkarlen från Oz,8.1
1939,3. Svindlande höjder,7.5
1939,4. Spelets regler,7.9
1939,5. Mr. Smith i Washington,8.1
1939,6. Dagen gryr,7.7
1939,7. En kväll att minnas,7.6
1939,8. Endast änglar ha vingar,7.6
1939,9. Diligensen,7.8
1939,10. Miracle on Main Street,6.3
1939,11. Ungkarlsmamman,7.5
1939,12. Lilla prinsessan,7.1
1939,13. Andy Hardy får vårkänslor,6.5
1939,14. Stackars Andy Hardy!,6.7
1939,15. Ringaren i Notre Dame,7.8
1939,16. Andy Hardy lever högt,6.6
1939,17. Jag svär vid mina ögon,6.8
1939,18. Vi charmörer,6.3
1939,19. Då lagen var maktlös,7.9
1939,"20. Adjö, Mr. Chips",7.9
1939,21. Kvinnorna,7.7
1939,22. Baskervilles hund,7.4
1939,23. Gunga Din - Lansiärernas hjälte,7.2
1939,24. Ninotchka,7.8
1939,25. Blodigt upplopp,7.2
1940,1. Pinocchio,7.5
1940,2. Fantasia,7.7
1940,3. En skön historia,7.8
1940,4. Från Mayerling till Sarajevo,6.7
1940,5. Den lilla butiken,8.0
1940,6. Beyond Tomorrow,6.5
1940,7. Rebecca,8.1
1940,8. Diktatorn,8.4
1940,9. Vredens druvor,8.1
1940,10. Det ligger i blodet,7.8
1940,11. Andy Hardy och oskulden,6.6
1940,12. Vår lilla stad,6.5
1940,13. Min favorithustru,7.3
1940,14. Det går som en dans,6.8
1940,15. Kit Carson äventyraren,6.3
1940,16. Tjuven i Bagdad,7.4
1940,17. Utrikeskorrespondenten,7.4
1940,18. Sierra,7.5
1940,19. Dimmornas bro,7.7
1940,20. En man för Elisabeth,7.4
1940,21. De färdas om natten,7.2
1940,22. Slaghöken,7.6
1940,23. Zorros märke,7.5
1940,24. Fågel blå,6.2
1940,25. Jag älskar dig åter,7.4
1941,1. Sergeant York,7.7
1941,2. En sensation,8.3
1941,3. Darshan,7.4
1941,4. Riddarfalken från Malta,7.9
1941,5. Han som kom till middag,7.5
1941,6. Vi behöver varann,7.6
1941,7. Andy Hardys privatsekreterare,6.7
1941,8. Andy Hardy lever livet,6.7
1941,9. Första gången jag såg dej...,7.1
1941,10. Illdåd planeras?,7.3
1941,11. Skogarnas dotter,6.9
1941,12. Dumbo,7.2
1941,13. Jag stannar över natten,7.7
1941,14. Jag minns min gröna dal,7.7
1941,15. Varulven,7.2
1941,16. Blommor i skugga,6.9
1941,17. Kvinnan Eva,7.7
1941,18. En studie i brott,7.2
1941,19. Glädjens serenad,7.1
1941,20. Vi på Broadway,6.6
1941,21. Dr. Jekyll och Mr. Hyde,6.8
1941,22. Med tio cents på fickan,7.9
1941,23. Kvinnan utan nåd,7.9
1941,24. Ziegfeldflickan,6.7
1941,25. Gäckande skuggan på nya äventyr!,7.2
1942,1. Bambi,7.3
1942,2. Casablanca,8.5
1942,3. Stormpatrullen,7.5
1942,4. Värdshuset Fritiden,7.3
1942,5. Att vara eller icke vara,8.1
1942,"6. Larceny, Inc",7.3
1942,7. Under nya stjärnor,7.9
1942,8. Charmören Andy Hardy,6.6
1942,9. Rovdjurskvinnan,7.2
1942,10. Andy Hardys dubbelliv,6.5
1942,11. De magnifika Ambersons,7.6
1942,12. Bröllop i Buenos Aires,7.2
1942,13. Han kom om natten,7.5
1942,14. Mrs. Miniver,7.6
1942,15. Bragdernas man,7.6
1942,16. Sabotör,7.1
1942,17. Inringad!,7.4
1942,18. Farlig som synden,7.1
1942,19. Djungelboken,6.7
1942,20. Yankee Doodle Dandy,7.6
1942,21. Möte vid Ox-oket,8.0
1942,22. Slumpens skördar,7.9
1942,23. Vedergällning,6.1
1942,24. Årets kvinna,7.1
1942,25. Havet är vårt öde,7.2
1943,1. Korpen,7.8
1943,2. Fantomen på stora operan,6.4
1943,3. Komplott i Ankara,6.4
1943,4. Skuggan av ett tvivel,7.8
1943,5. Svart extas,7.1
1943,6. Batman,6.0
1943,7. En natt med en cowboy,6.3
1943,8. Den laglöse,5.4
1943,9. Det började i Berlin,8.0
1943,10. Klockan klämtar för dig,6.8
1943,11. Sången om Bernadette,7.6
1943,12. Himlen kan vänta,7.3
1943,13. Jane Eyre,7.5
1943,14. Vi i vilda västern,6.8
1943,15. Svart mystik,7.0
1943,16. The Return of the Vampire,6.2
1943,17. Sahara,7.5
1943,18. Sherlock Holmes och spindelmysteriet,7.0
1943,19. Ungkarlsfällan,7.6
1943,20. Det sjunde offret,6.7
1943,21. Köttets lust,7.6
1943,22. Vi människor,7.0
1943,23. Lassie på äventyr,7.1
1943,24. Hjältar dö aldrig,6.9
1943,25. Miraklet,7.5
1944,1. Vi mötas i S:t Louis,7.5
1944,2. Vandra min väg,7.0
1944,3. Kvinna utan samvete,8.3
1944,4. Storsvindlaren Dimitrios,7.2
1944,5. Gasljus,7.8
1944,6. Skolans skräck,7.7
1944,7. Arsenik och gamla spetsar,7.9
1944,8. The Curse of the Cat People,6.7
1944,9. Laura,7.9
1944,10. Att ha och inte ha,7.8
1944,11. Osynliga länkar,7.5
1944,12. Att älska så...,6.5
1944,13. Livbåt,7.6
1944,14. Över alla hinder,7.3
1944,15. Andy Hardy och blondinerna,6.5
1944,16. Tre Caballeros - Kalle Anka i Latinamerika,6.3
1944,17. Vi ses igen,7.1
1944,18. På väg mot Marseille,6.8
1944,19. Kvinnan i fönstret,7.6
1944,20. Döden kan ej vittna,7.2
1944,21. Den ödesdigra pärlan,7.1
1944,22. De objudna,7.2
1944,23. Mellan två världar,6.6
1944,"24. Mord, min älskling!",7.5
1944,25. De lyckliga åren,7.3
1945,1. Klockorna i S:t Mary,7.2
1945,2. Paradisets barn,8.3
1945,3. Farlig omväg,7.3
1945,4. Under falsk flagg,7.3
1945,5. Kort möte,8.0
1945,6. Konflikt,7.1
1945,7. När hjärtat talar,7.6
1945,8. Trollbunden,7.5
1945,9. Min fru går igen,7.0
1945,10. Min är hämnden,7.6
1945,11. Mildred Pierce: En amerikansk kvinna,7.9
1945,12. ...och sen var ingen kvar,7.4
1945,13. Det hände i Skottland,7.4
1945,14. Dorian Grays porträtt,7.5
1945,15. Öppen stad,8.0
1945,16. Mirakelmannen,6.8
1945,17. Skuggor i natten,7.5
1945,18. Förspillda dagar,7.9
1945,19. Det växte ett träd i Brooklyn,8.0
1945,20. Kvinna i rött,7.7
1945,21. Vår i luften,7.0
1945,22. De skulle offras,7.2
1945,23. The Cheaters,6.8
1945,24. Sherlock Holmes och kvinnan i grönt,6.6
1945,25. Ziegfeld Follies,6.4
1946,1. Sången om södern,6.9
1946,2. De bästa åren,8.1
1946,3. Duell i solen,6.7
1946,4. Dolken och kappan,6.6
1946,5. Livet är underbart,8.6
1946,6. Flickan och odjuret,7.9
1946,7. Panik,7.9
1946,8. Ungdomsfängelset,8.0
1946,9. Utpressning,7.9
1946,10. Lysande utsikter,7.8
1946,11. Kvinnan i sjön,6.5
1946,12. The Man I Love,6.6
1946,13. Svarta handsken,7.2
1946,14. 3 främlingar,6.9
1946,15. Notorious!,7.9
1946,16. Harvey Girls,7.0
1946,17. Vi möts och vi skiljs,7.0
1946,18. Gilda,7.6
1946,19. De drogo västerut,6.9
1946,20. Säj aldrig adjö,6.7
1946,21. Störst är kärleken,8.0
1946,22. Hämnarna,7.7
1946,23. My Darling Clementine,7.7
1946,24. Gärningsmannen okänd,6.5
1946,25. Vilse,7.4
1947,1. Polishuset,7.7
1947,2. Monsieur Verdoux,7.8
1947,3. Drama i East End,7.1
1947,4. Två i Paris,7.4
1947,5. Det hände i New York,7.9
1947,6. Ängel på prov,7.6
1947,7. Luffar-miljonären på 5:e avenyn,7.6
1947,8. Svart narcissus,7.7
1947,9. Christmas Eve,5.7
1947,10. That Way with Women,6.5
1947,11. Out of the Past,8.0
1947,12. Leve kärleken,6.7
1947,13. Här kommer en annan,6.9
1947,14. Spöket och Mrs. Muir,7.8
1947,15. Lady från Shanghai,7.5
1947,16. Mörk passage,7.5
1947,17. Angivaren,7.4
1947,18. Tyst överenskommelse,7.2
1947,19. Ängeln och den laglöse,6.8
1947,20. Pappa och vi,7.1
1947,21. Mardrömsgränden,7.7
1947,22. En natt att leva,7.6
1947,23. En mans brott,6.8
1947,24. Jag såg honom först!,7.2
1947,25. De obesegrade,6.8
1948,1. Sierra Madres skatt,8.2
1948,2. Huuu! Så hemskt,7.3
1948,3. Cykeltjuven,8.3
1948,4. Ögonvittnet,7.6
1948,5. Lagt kort ligger,7.3
1948,6. Den berusade ängeln,7.6
1948,7. Les parents terribles,6.9
1948,8. Flykt genom öknen,7.0
1948,9. Repet,7.9
1948,10. De röda skorna,8.1
1948,11. Tenth Avenue Angel,6.7
1948,12. Red River,7.7
1948,13. En dans med dej,7.3
1948,14. Oliver Twist,7.8
1948,15. Stormvarning utfärdad,7.7
1948,16. I Wouldn't Be in Your Shoes,6.5
1948,17. Piraten,6.9
1948,18. Fort Apache,7.4
1948,19. I mitt hjärta det sjunger,6.4
1948,20. Ring Northside 777,7.4
1948,21. En vrå för två,7.2
1948,22. Förrädaren,7.5
1948,23. Villervallavillan,7.2
1948,24. Desperados,7.4
1948,25. The Three Musketeers,7.1
1949,1. Den tredje mannen,8.1
1949,2. Revolvern,7.8
1949,3. Sju hertigar,8.0
1949,4. Det hemliga rummet,7.1
1949,5. Sent om våren,8.2
1949,6. Möte i julinatt,7.0
1949,7. Holiday Affair,7.2
1949,8. Unga kvinnor,7.2
1949,9. Butik med musik,7.1
1949,10. Det gäller livet,6.6
1949,11. Cover Up,6.6
1949,12. New York dansar,7.3
1949,13. Nunnan och spelaren,7.1
1949,14. Simson och Delila,6.8
1949,15. Arvtagerskan,8.1
1949,16. Luftens örnar,7.7
1949,17. Larm över prärien,7.2
1949,18. Blå lagunen,6.4
1949,19. Glödhett,8.1
1949,20. En blondin försvinner,6.4
1949,21. På främmande mark,7.4
1949,22. Lev farligt och dö ung,6.6
1949,23. Alla kungens män,7.4
1949,24. Pionjären,7.0
1949,25. Lysande gift,7.2
1950,1. Askungen,7.3
1950,2. Sunset Boulevard,8.4
1950,3. Allt om Eva,8.2
1950,4. Demonernas port,8.2
1950,5. Spårlöst försvunnen,6.6
1950,6. A Christmas Wish,6.4
1950,7. Min vän Harvey,7.9
1950,8. Dussinet fullt,7.0
1950,9. Sista semestern,7.3
1950,10. Nakna nerver,7.9
1950,11. Gränsryttarna vid Rio Grande,7.0
1950,12. I asfaltens djungel,7.8
1950,13. Skattkammarön,6.9
1950,14. Trail of Robin Hood,6.0
1950,15. The Daughter of Rosie O'Grady,6.5
1950,16. Född igår,7.5
1950,17. Winchester 73,7.6
1950,18. Hämndens timme,7.7
1950,19. Rampfeber,7.0
1950,20. Tre små ord,6.9
1950,21. Tre kvinnors hemlighet,6.9
1950,22. Den brutna pilen,7.1
1950,23. Natten och staden,7.9
1950,24. Brudens fader,7.1
1950,25. Kung Salomos skatt,6.7
1951,1. The Girl on the Bridge,6.9
1951,2. An American in Paris,7.1
1951,3. Hoffmanns äventyr,7.1
1951,4. Prästmans dagbok,7.7
1951,5. Othello,7.5
1951,6. Främlingar på tåg,7.9
1951,7. Pandora och den flygande holländaren,6.9
1951,8. Jag stal en miljon,7.5
1951,9. Olivia,6.9
1951,10. Mannen i vita kostymen,7.2
1951,11. Andarnas natt,8.1
1951,12. Linje Lusta,7.9
1951,13. Mitt svärmeri,6.9
1951,14. Alice i Underlandet,7.3
1951,15. Afrikas drottning,7.7
1951,16. Mannen från Mars,7.7
1951,17. Fantomen från Mars,7.1
1951,18. Hej tomtegubbar,7.0
1951,19. Quo Vadis,7.1
1951,20. En plats i solen,7.7
1951,21. Mannen i svart,6.2
1951,22. Ensam dam får besök,7.1
1951,23. Flykten från jorden,6.6
1951,24. Sensationen för dagen,8.1
1951,25. Med flaggan i topp,7.3
1952,1. Världens största show,6.5
1952,2. Singin' in the Rain,8.3
1952,3. Umberto D.,8.2
1952,4. Att leva,8.3
1952,5. Den vita shejken,7.2
1952,6. Den gyllene tulpanen,7.2
1952,7. Avslöjad,7.5
1952,8. Förbjuden lek,8.0
1952,9. The Holly and the Ivy,7.2
1952,10. Trångt om saligheten,7.2
1952,11. Hans vilda fru,7.7
1952,12. Sheriffen,7.9
1952,13. Livets glada karusell,7.2
1952,14. H C Andersen,6.8
1952,15. Ivanhoe - den svarte riddaren,6.7
1952,16. Rampljus,8.0
1952,17. Målaren på Moulin Rouge,7.0
1952,18. Snön på Kilimanjaro,6.1
1952,19. Fear and Desire,5.3
1952,20. Illusionernas stad,7.8
1952,21. Arizonas röde hövding,6.4
1952,22. Röde piraten,7.1
1952,23. Kusin Rachel,7.0
1952,24. Den vita renen,6.9
1952,25. Föryngringsprofessorn,6.9
1953,1. Peter Pan,7.3
1953,2. Den purpurröda manteln,6.7
1953,3. Vaxkabinettet,7.0
1953,4. Bröllopsgåvan,7.9
1953,5. Gänget,7.8
1953,6. Härifrån till evigheten,7.6
1953,7. Rymlingen,7.5
1953,8. Fruktans lön,8.1
1953,9. Quand tu liras cette lettre...,6.6
1953,10. Sagor om en blek mystisk måne efter regnet,8.1
1953,11. Glen or Glenda,4.2
1953,12. Anatahan,7.0
1953,13. Västerns vilda dotter,7.2
1953,14. Prinsessa på vift,8.0
1953,15. Herrar föredrar blondiner,7.1
1953,16. Mannen från vidderna,7.6
1953,17. Fångläger nr 17,7.9
1953,18. Världarnas krig,7.0
1953,19. Föräldrarna,8.1
1953,20. Titanic,7.0
1953,21. Hur man får en miljonär,6.8
1953,22. Polishämnaren,7.9
1953,23. Julius Caesar,7.2
1953,24. Anfall från Mars,6.3
1953,25. Invasion från Mars,6.5
1954,1. Fönstret åt gården,8.5
1954,2. Myteriet på Caine,7.7
1954,3. En stjärna föds,7.5
1954,4. White Christmas,7.5
1954,5. De sju samurajerna,8.6
1954,6. Godzilla - monstret från havet,7.6
1954,7. Grisbi - blod på guldet,7.7
1954,8. Sinnenas rus,7.4
1954,9. Slå nollan till polisen,8.2
1954,10. Sju brudar - sju bröder,7.3
1954,11. Susan sov hos mej,6.4
1954,12. Eviga äventyr,6.6
1954,13. Sabrina,7.6
1954,14. Storstadshamn,8.1
1954,15. Moonlight Serenade,7.3
1954,16. En världsomsegling under havet,7.2
1954,17. The Runaway Bus,6.1
1954,18. Kvinnans värld,6.9
1954,19. Skräcken i Svarta lagunen,6.9
1954,20. Barfotagrevinnan,6.9
1954,21. Tre timmar att hämnas,6.4
1954,22. Myrorna,7.2
1954,23. Vera Cruz,7.0
1954,24. Mellan himmel och hav,6.6
1954,25. Brigadoon,6.8
1955,1. Lady och lufsen,7.3
1955,2. Natt utan nåd,7.5
1955,3. Rififi,8.1
1955,4. Ung rebell,7.6
1955,5. Pather Panchali,8.2
1955,6. Lola Montez - Kurtisanen,7.2
1955,7. Väninnorna,7.1
1955,8. Ikimono no kiroku,7.3
1955,9. Ladykillers,7.6
1955,10. Trasiga änglar,7.4
1955,11. Sissi,7.0
1955,12. Ta fast tjuven,7.4
1955,13. Trasdockan,8.0
1955,14. Hovnarren,7.8
1955,15. Pass för den blonda,6.8
1955,16. Oklahoma!,7.0
1955,17. Pysar och sländor,7.1
1955,18. Öster om Eden,7.8
1955,19. Flickan ovanpå,7.1
1955,20. Morgondagen är vår,7.6
1955,21. Rymdens demoner,5.9
1955,22. De djävulska,8.1
1955,23. Utflykt i det gröna,7.0
1955,24. Ugglor i mossen,7.0
1955,25. Marty,7.7
1956,1. De tio budorden,7.9
1956,2. Jorden runt på åttio dagar,6.7
1956,3. Jätten,7.6
1956,4. Kungen och jag,7.4
1956,5. Aparajito,8.2
1956,6. On the Bowery,7.3
1956,7. Biruma no tategoto,8.0
1956,8. Svart gris i Paris,7.3
1956,9. Bob le flambeur,7.6
1956,10. En skön historia,6.9
1956,11. Förföljaren,7.8
1956,12. Förbjuden värld,7.5
1956,13. En pappa för mycket,6.0
1956,14. Anastasia,7.0
1956,15. Mannen som visste för mycket,7.4
1956,16. Det onda arvet,7.4
1956,17. Spelet är förlorat,7.9
1956,18. Karusell,6.5
1956,19. Sissi - den unga kejsarinnan,6.6
1956,20. Världsrymden anfaller,7.7
1956,21. Fel man,7.4
1956,22. Moby Dick,7.3
1956,23. En dödsdömd har rymt,8.2
1956,24. Baby Doll,7.3
1956,25. Krig och fred,6.7
1957,1. Bron över floden Kwai,8.1
1957,2. Allt om kärlek,7.4
1957,3. Cabirias nätter,8.1
1957,4. Blodets tron,8.0
1957,5. Och tranorna flyga,8.3
1957,6. Skriet,7.6
1957,7. 12 edsvurna män,9.0
1957,8. Kvinnans svaga punkt,7.2
1957,9. Det sjunde inseglet,8.1
1957,10. Åklagarens vittne,8.4
1957,11. Ärans väg,8.4
1957,12. All Mine to Give,7.2
1957,13. Ett ansikte i mängden,8.2
1957,14. Blood of Dracula,4.6
1957,15. Kär i Paris,7.0
1957,16. Smultronstället,8.1
1957,17. Old Yeller klarar allt,7.2
1957,18. Sissi - älskad kejsarinna,6.6
1957,19. Plan 9 from Outer Space,3.9
1957,20. 3.10 till Yuma,7.6
1957,21. Segerns sötma,8.0
1957,22. Arsène Lupin - gentlemannatjuven,6.3
1957,23. Fjols til fjells,7.3
1957,24. De dömdas hus,6.4
1957,25. I skräckens klor,7.6
1958,1. Studie i brott,8.3
1958,2. En djävulsk fälla,8.0
1958,3. South Pacific,6.8
1958,4. Hiss till galgen,7.9
1958,5. Den vilda flykten,8.0
1958,6. Maigret gillrar en fälla,7.2
1958,7. Det stora landet,7.9
1958,8. Hokus pokus,6.8
1958,9. Min fantastiska tant,7.9
1958,10. Andy Hardy kommer hem,5.9
1958,11. I Draculas klor,7.2
1958,12. Katt på hett plåttak,7.9
1958,13. De unga lejonen,7.1
1958,"14. Gigi, ett lättfärdigt stycke",6.6
1958,15. Sinbads tusen äventyr,7.1
1958,16. Faran från skyn,6.3
1958,17. Flugan,7.1
1958,18. Titanics undergång,7.9
1958,19. Min onkel,7.7
1958,20. Mannen från västern,7.0
1958,21. Vikingarna,7.0
1958,22. Ubåt anfaller,7.3
1958,23. Kedjan,7.6
1958,24. Narkotikasmuggling,7.3
1958,25. Dadda för tre,6.6
1959,1. Ben-Hur,8.1
1959,2. Törnrosa,7.2
1959,3. Apur Sansar,8.4
1959,4. Hiroshima - min älskade,7.8
1959,5. I sista minuten,8.3
1959,6. Lagen,6.7
1959,7. Indien hämnd,6.6
1959,8. Tigern från Bengalen,6.6
1959,9. De 400 slagen,8.0
1959,10. I hetaste laget,8.2
1959,11. Rio Bravo,8.0
1959,12. Analys av ett mord,8.0
1959,13. Santa Claus,2.7
1959,14. Resan till jordens medelpunkt,7.0
1959,15. På stranden,7.1
1959,16. Operation kjoltyg,7.2
1959,17. Den stora lögnen,7.8
1959,18. De tappras väg,7.1
1959,19. Mumiens hämnd,6.6
1959,20. Flickan på badstranden,6.6
1959,"21. Jag hatar dej, älskling",7.4
1959,22. Skriet vid midnatt,6.7
1959,23. Sista sommarlovet,6.9
1959,24. Baskervilles hund,6.9
1959,25. Våldet och lagen,7.1
1960,1. Skeppsbrott i Söderhavet,7.1
1960,2. Psycho,8.5
1960,3. Ungkarlslyan,8.3
1960,4. Spartacus,7.9
1960,5. Till sista andetaget,7.7
1960,6. Mughal-E-Azam,8.1
1960,7. Rån på öppen gata,7.5
1960,8. De bestialiska,7.6
1960,9. Onda män sover gott,8.0
1960,10. Peeping Tom - En smygtittare,7.6
1960,11. Hålet,8.5
1960,12. Nyårstjuven,7.3
1960,13. Skjut på pianisten!,7.4
1960,14. Narkotika,6.2
1960,15. 7 vågade livet,7.7
1960,16. Det ljuva livet,8.0
1960,17. Tidmaskinen,7.5
1960,18. Storslam i Las Vegas,6.5
1960,19. Het sol,7.7
1960,20. Exodus,6.7
1960,21. Rocco och hans bröder,8.2
1960,22. Pollyanna,7.4
1960,23. Alamo,6.8
1960,24. Äventyret,7.7
1960,25. Djävulsmasken,7.1
1961,1. Pongo och de 101 dalmatinerna,7.3
1961,2. West Side Story,7.6
1961,3. Seong Chunhyang,6.2
1961,4. I fjol i Marienbad,7.6
1961,5. Lola,7.4
1961,6. En kvinna är en kvinna,7.3
1961,"7. Léon Morin, präst",7.5
1961,8. Una vita difficile,8.0
1961,9. Yojimbo (Livvakten),8.2
1961,10. Natten,7.9
1961,11. The Exiles,6.6
1961,12. Jobbet,7.9
1961,13. Frukost på Tiffany's,7.6
1961,14. Babes in Toyland,6.1
1961,15. Kanonerna på Navarone,7.5
1961,16. Fickan full av flax,7.1
1961,17. Föräldrafällan,7.2
1961,18. Dom i Nürnberg,8.3
1961,19. De oskyldiga,7.7
1961,20. Konungarnas konung,7.0
1961,21. Mannen utan nåd,6.7
1961,22. Fifflaren,7.9
1961,23. El Cid,7.2
1961,24. Feber i blodet,7.7
1961,25. Viridiana,8.0
1962,1. Lawrence av Arabien,8.3
1962,2. Agent 007... med rätt att döda,7.2
1962,3. Hjärntvättad,7.9
1962,4. Skuggor över södern,8.3
1962,5. Mafioso,7.6
1962,6. Processen,7.6
1962,7. Ställd mot väggen,7.7
1962,8. Så vanns vilda västern,7.1
1962,9. Duellen på ön,6.5
1962,10. Sanjuro,8.0
1962,11. Leva sitt liv,7.8
1962,12. Ivans barndom,8.0
1962,13. Att älska så,7.3
1962,14. Jules och Jim,7.7
1962,15. Harakiri,8.6
1962,16. Lolita,7.5
1962,17. Music Man,7.7
1962,18. Vilse i lustgården,6.2
1962,19. Mannen som sköt Liberty Valance,8.1
1962,20. Vad hände med Baby Jane?,8.0
1962,21. Den längsta dagen,7.7
1962,22. Farlig främling,7.7
1962,23. Miraklet,8.1
1962,24. Hatari!,7.1
1962,25. Myteriet på Bounty,7.2
1963,1. Cleopatra,7.0
1963,"2. En ding, ding, ding, ding värld",7.5
1963,3. Agent 007 ser rött,7.3
1963,4. Svärdet i stenen,7.1
1963,5. Den Rosa Pantern,7.0
1963,6. Föraktet,7.4
1963,7. Bluff Master,6.0
1963,8. 8½,8.0
1963,9. Änglabukten,7.2
1963,10. Högkonjuktur,7.1
1963,11. Sköna Maj,7.8
1963,12. Himmel och helvete,8.4
1963,13. Betjänten,7.8
1963,14. Den lille soldaten,7.1
1963,15. Det spökar på Hill House,7.4
1963,16. Den stora flykten,8.2
1963,17. Fåglarna,7.6
1963,18. McLintock!,7.1
1963,19. Charade,7.8
1963,20. Smekmånad på tre,6.9
1963,21. Leoparden,7.9
1963,22. Det gyllene skinnet,7.3
1963,23. Donovan's krog,6.7
1963,24. Bye Bye Birdie,6.6
1963,25. 55 dagar i Peking,6.7
1964,1. Mary Poppins,7.8
1964,2. My Fair Lady,7.7
1964,3. Goldfinger,7.7
1964,4. För en handfull dollar,7.9
1964,5. Skott i mörkret,7.3
1964,6. Dr. Strangelove eller: Hur jag slutade ängslas och lärde mig älska bomben,8.3
1964,7. Hallå där - Yogi e' här!,6.5
1964,8. Yeah! Yeah! Yeah!,7.5
1964,9. I am Cuba,8.2
1964,10. Becket,7.8
1964,11. Paraplyerna i Cherbourg,7.8
1964,12. En rövarhistoria,7.6
1964,13. Mannen från Rio,7.0
1964,14. Nothing But a Man,7.9
1964,15. Giftas på italienska,7.4
1964,"16. Svart Gud, vit djävul",7.2
1964,17. Den lena huden,7.5
1964,18. Zulu,7.7
1964,19. Jultomten fixar allt!,2.7
1964,20. 633 Divisionen,6.4
1964,21. Marnie,7.1
1964,22. Drömbrud för sex,6.9
1964,23. Tåget,7.8
1964,24. Gropen,7.9
1964,25. Romarrikets fall,6.7
1965,1. Sound of Music,8.1
1965,2. Doktor Zjivago,7.9
1965,3. Åskbollen,6.9
1965,4. För några få dollar mer,8.2
1965,5. Krig och fred,8.3
1965,6. Falstaff,7.6
1965,7. Tokstollen,7.4
1965,8. Alphaville - Ett fall för Lemmy Caution,7.0
1965,9. Rödskägg,8.3
1965,10. Sierra Charriba,6.7
1965,11. I Knew Her Well,7.6
1965,12. Paris vu par...,6.7
1965,13. Romans i moll,6.8
1965,14. Who's Crazy?,5.7
1965,15. Mannen från Nasaret,6.6
1965,16. Den stora kapplöpningen jorden runt,7.2
1965,17. Village of the Giants,3.7
1965,18. Fenix flykt,7.5
1965,19. Katie Elders 4 söner,7.1
1965,20. Det stora slaget,6.8
1965,21. Morozko,6.3
1965,22. Cat Ballou skjuter skarpt,6.7
1965,23. Kalaharis glödande sand,6.7
1965,24. Repulsion,7.6
1965,25. Får ej störas,5.8
1966,1. Vem är rädd för Virginia Woolf?,8.0
1966,"2. Den gode, den onde, den fule",8.8
1966,3. Slaget om Alger,8.1
1966,4. Maskulinum - femininum,7.4
1966,5. Den yttersta domen - Livsdramat Andrej Rubljov,8.0
1966,6. Made in USA,6.2
1966,7. Min vän Balthazar,7.7
1966,8. Nunnan,7.5
1966,9. Django,7.2
1966,10. Kungen kommer tillbaka,7.3
1966,11. Tiempo de morir,7.4
1966,12. Tusenskönorna,7.2
1966,13. Vågornas riddare,7.6
1966,14. Fahrenheit 451,7.2
1966,15. El Dorado,7.5
1966,16. Blow-up - förstoringen,7.4
1966,17. Persona,8.0
1966,18. Kanonbåten San Pablo,7.5
1966,19. Giganternas kamp,5.7
1966,20. Den djävulska jakten,7.1
1966,21. 1.000 Dollar i skottpengar,6.5
1966,22. De professionella,7.3
1966,23. Den fantastiska resan,6.8
1966,24. Duell i Diablo,6.5
1966,25. The Trouble with Angels,7.3
1967,1. Djungelboken,7.6
1967,2. Mandomsprovet,8.0
1967,3. Gissa vem som kommer på middag,7.8
1967,4. Man lever bara två gånger,6.8
1967,5. Belle de jour - Dagfjärilen,7.6
1967,6. Producenterna,7.5
1967,7. Samuraj killer,8.0
1967,8. Två eller tre saker jag vet om henne,6.5
1967,9. Flickorna i Rochefort,7.7
1967,10. Pepe och pojken,7.6
1967,11. Kinesiskan,6.9
1967,12. Kraschen,6.8
1967,13. Långt från Vietnam,7.3
1967,14. Ningen jôhatsu,7.1
1967,15. Fitzwilly i varuhusligan,6.6
1967,16. Rebell i bojor,8.0
1967,17. 12 fördömda män,7.7
1967,18. Casino Royale James Bond 007!,5.0
1967,19. Bonnie och Clyde,7.7
1967,20. Playtime,7.8
1967,21. Se dig inte om,7.9
1967,22. I nattens hetta,7.9
1967,23. Dockornas dal,6.0
1967,24. Vampyrernas natt,7.0
1967,25. Med kallt blod,7.9
1968,1. År 2001 - Ett rymdäventyr,8.3
1968,2. Funny Girl,7.4
1968,3. Omaka par,7.6
1968,4. Apornas planet,8.0
1968,5. Häng dom högt,7.0
1968,6. Chitty Chitty Bang Bang,6.9
1968,7. Örnnästet,7.6
1968,8. Harmonica - En hämnare,8.5
1968,9. Coogans bluff,6.4
1968,"10. Gul, gul, gul är vår undervattningsbåt",7.4
1968,11. Bullitt,7.4
1968,12. Helvetets utpost,5.6
1968,13. Night of the Living Dead,7.8
1968,"14. Jag älskar dig, jag älskar dig",7.1
1968,15. Den tyste hämnaren,7.7
1968,16. The Queen,7.2
1968,17. Bruden bar svart,7.2
1968,18. Minnen från underutvecklingens tid,7.6
1968,19. Så tuktas ett lejon,7.9
1968,20. Chronik der Anna Magdalena Bach,6.8
1968,21. Stulna kyssar,7.5
1968,22. Oliver!,7.4
1968,23. Romeo och Julia,7.6
1968,24. Rosemary's Baby,8.0
1968,25. Barbarella,5.9
1969,1. Butch Cassidy och Sundance Kid,8.0
1969,"2. Gasen i botten, Herbie!",6.5
1969,3. Midnight Cowboy,7.8
1969,4. I Hennes Majestäts hemliga tjänst,6.7
1969,5. Guldrushens glada dagar,6.6
1969,6. Fellini Satyricon,6.8
1969,7. Skuggornas armé,8.1
1969,8. Det vilda gänget,7.9
1969,9. Hello Dolly,7.0
1969,10. De sammanbitna,7.4
1969,11. Bassängen,7.1
1969,12. Easy Rider,7.2
1969,13. Z - Han lever,8.1
1969,14. Sirenen från Mississippi,6.9
1969,"15. Muhammad Ali, the Greatest",7.6
1969,16. Ockuperat land,8.1
1969,17. Duett för kannibaler,6.5
1969,18. Kärlek kallare än döden,6.5
1969,19. Katzelmacher,6.8
1969,20. Den vilda biljakten,7.2
1969,21. Slaget om England,6.9
1969,22. Akta're för sheriffen,7.4
1969,23. Min natt med Maud,7.8
1969,24. När man skjuter hästar så...,7.8
1969,25. Du är den ende,6.3
1970,1. Love Story,6.9
1970,2. Airport - Flygplatsen,6.6
1970,3. M*A*S*H,7.3
1970,4. Patton - Pansargeneralen,7.9
1970,5. Aristocats,7.1
1970,6. Little Big Man,7.5
1970,7. Joe,6.8
1970,8. Bortom apornas planet,6.0
1970,9. En vacker dag kan man se hur långt som helst,6.4
1970,10. Getting Straight,6.3
1970,11. Kellys 'hjältar',7.6
1970,12. Sierra Torrida,7.0
1970,13. Den röda cirkeln,7.9
1970,14. Fascisten,7.9
1970,15. Woodstock,8.1
1970,16. El Topo,7.2
1970,17. Vilden,7.5
1970,18. Wanda,7.1
1970,19. Multiple Maniacs,6.5
1970,20. Tristana,7.4
1970,21. Bronco Bullfrog,6.6
1970,22. Der amerikanische Soldat,6.5
1970,23. Götter der Pest,6.4
1970,24. Det bittra ljuva livet,7.4
1970,25. Oss pojkar emellan,7.6
1971,1. French Connection - Lagens våldsamma män,7.7
1971,2. Diamantfeber,6.5
1971,3. Dirty Harry,7.7
1971,4. Den sista föreställningen,8.0
1971,5. Clockwork Orange,8.2
1971,6. Jakten mot nollpunkten,7.2
1971,7. Flykten från apornas planet,6.3
1971,8. Mardrömmen,6.9
1971,9. Spelman på taket,8.0
1971,10. THX 1138,6.6
1971,11. Den första kärleken,7.5
1971,12. Korpral McB - Anmäld saknad,7.2
1971,13. Willy Wonka och chokladfabriken,7.8
1971,14. Octaman,3.3
1971,15. Wake in Fright,7.6
1971,16. Fall på eget grepp,7.3
1971,17. Köttets lust,6.9
1971,18. Out 1,7.5
1971,19. Bushman,7.2
1971,20. Warnung vor einer heiligen Nutte,6.6
1971,21. Två systrar och Claude,7.2
1971,22. Walkabout - Mannaprovet,7.6
1971,23. Djävlarna,7.7
1971,24. Sängknoppar och kvastskaft,7.1
1971,25. Decamerone,7.0
1972,1. Gudfadern,9.2
1972,2. SOS Poseidon,7.1
1972,3. Go'dag yxskaft?,7.7
1972,4. Sista tangon i Paris,6.8
1972,"5. Allt du skulle vilja veta om sex, men varit för skraj att fråga om",6.7
1972,6. Erövringen av apornas planet,6.1
1972,7. Joe Kidd,6.4
1972,8. Elvis på turné,7.5
1972,9. Borgarklassens diskreta charm,7.8
1972,10. De kriminella,7.0
1972,11. Le cousin Jules,7.6
1972,12. Solaris,7.9
1972,13. Nous ne vieillirons pas ensemble,7.2
1972,14. Petra von Kants bittra tårar,7.5
1972,15. Frukthandlarens fyra årstider,7.3
1972,16. César och Rosalie,7.3
1972,17. Den sista färden,7.6
1972,18. Cabaret,7.8
1972,19. Pink Flamingos,6.0
1972,20. Canterbury Tales,6.3
1972,"21. Silent Night, Bloody Night",5.2
1972,22. The Cowboys,7.4
1972,23. Katten Fritz,6.2
1972,24. Jeremiah Johnson - indiandödaren,7.6
1972,25. Aguirre - Guds vrede,7.8
1973,1. Exorcisten,8.1
1973,2. Blåsningen,8.3
1973,3. Sista natten med gänget,7.4
1973,4. Papillon,8.0
1973,5. Våra bästa år,7.0
1973,6. Magnum Force,7.2
1973,7. Leva och låta dö,6.7
1973,8. Serpico,7.7
1973,9. Sjusovaren,7.1
1973,10. Mannen med oxpiskan,7.4
1973,11. Slaget om apornas planet,5.4
1973,12. Operation Alpha,6.0
1973,13. Dödlig skörd,7.5
1973,14. Fellini Amarcord,7.8
1973,15. A Bigger Splash,5.8
1973,16. The Holy Mountain,7.7
1973,17. Mamman och horan,7.7
1973,18. Dödspolarna,7.2
1973,19. Enter the Dragon,7.6
1973,20. Ganja & Hess,6.2
1973,21. Wattstax,7.7
1973,22. Lee Khans öde,7.2
1973,23. Detroit 9000,6.3
1973,24. Dag som natt,8.0
1973,25. Schakalen,7.8
1974,1. Det våras för sheriffen,7.7
1974,2. Skyskrapan brinner!,7.0
1974,3. Det våras för Frankenstein,8.0
1974,4. Jordbävningen,5.9
1974,5. Gudfadern del II,9.0
1974,6. Benknäckargänget,7.1
1974,7. Benji - alla tiders hjälte,6.1
1974,"8. Full speed igen, Herbie!",5.7
1974,9. Motorsågsmassakern,7.4
1974,10. Chinatown,8.1
1974,11. Mordet på Orientexpressen,7.2
1974,12. That's Entertainment!,7.8
1974,13. Death Wish - Våldets fiende nr. 1,6.9
1974,14. Thunderbolt,7.0
1974,15. Mannen med den gyllene pistolen,6.7
1974,16. Den store Gatsby,6.4
1974,17. Alice bor inte här längre,7.3
1974,18. Sugarland Express,6.7
1974,19. Avlyssningen,7.7
1974,20. A Poem Is a Naked Person,7.1
1974,21. Céline och Julie gör en båttur,7.2
1974,22. I frihetens namn,8.2
1974,23. Stavisky...,6.5
1974,24. Rädsla urholkar själen,8.0
1974,25. Effi Briest,6.9
1975,1. Hajen,8.1
1975,2. The Rocky Horror Picture Show,7.4
1975,3. Gökboet,8.7
1975,4. En satans eftermiddag,8.0
1975,5. Shampoo,6.4
1975,6. Den Rosa Pantern kommer tillbaka,7.0
1975,7. Funny Lady,6.2
1975,8. Äppelknyckargänget,6.4
1975,9. Tommy,6.6
1975,10. Tre dagar för Condor,7.4
1975,"11. Oh, vilket sjöslag!",5.2
1975,12. Tid för hjältar,6.7
1975,13. Död och pina,7.6
1975,14. Den äventyrliga flykten,6.3
1975,15. En gång är inte nog,4.6
1975,16. Licens att döda,6.4
1975,17. French Connection Nr 2,6.7
1975,"18. Give 'em Hell, Harry!",7.3
1975,19. Nashville,7.6
1975,20. Det får inte vara sant,5.2
1975,21. Monty Pythons galna värld,8.2
1975,22. Framed,6.4
1975,23. Leve kärleken,5.3
1975,24. Yrke: Reporter,7.5
1975,25. Spindlarna,3.3
1976,1. Rocky,8.1
1976,2. En stjärna föds,6.1
1976,3. Alla presidentens män,7.9
1976,4. Omen,7.5
1976,5. King Kong,6.0
1976,6. Chicago-expressen,6.9
1976,7. Enforcer - Hårdingen,6.7
1976,8. Det våras för stumfilmen,6.7
1976,9. Rosa Pantern slår igen,7.1
1976,10. Carrie,7.4
1976,11. Björnligan,7.3
1976,12. Mannen utanför lagen,7.8
1976,13. Taxi Driver,8.2
1976,14. Åh vilken fredag,6.3
1976,15. Network,8.1
1976,16. Gus,5.7
1976,17. Maratonmannen,7.4
1976,18. Smurfarna och den förtrollade flöjten,5.9
1976,19. Våldtäkten,5.6
1976,20. Den siste gunfightern,7.6
1976,21. Lifeguard,6.6
1976,"22. Hollywood, Hollywood!",7.3
1976,23. Bussen som blev galen,5.6
1976,24. Bugsy Malone,6.8
1976,25. Hyresgästen,7.5
1977,1. Stjärnornas krig,8.6
1977,2. Närkontakt av tredje graden,7.6
1977,3. Nu blåser vi snuten,7.0
1977,4. Saturday Night Fever,6.8
1977,5. Bernard och Bianca,6.9
1977,6. En bro för mycket,7.4
1977,7. Djupet,6.2
1977,8. Älskade spion,7.0
1977,9. Min polare Gud,6.6
1977,10. Peter och draken Elliott,6.3
1977,11. Annie Hall,7.9
1977,12. Bara tre kan leka så...,5.9
1977,13. Hjältar,6.0
1977,14. Det våras för galningarna,6.6
1977,15. Exorcisten II: Kättaren,3.8
1977,16. Herbie i Monte Carlo,5.7
1977,17. Slagskott,7.2
1977,18. Hetsjakten,6.4
1977,19. Vändpunkten,6.8
1977,20. På andra sidan midnatt,6.0
1977,21. Var finns Mr. Goodbar?,6.7
1977,22. Julia,7.1
1977,23. Björnligan slår till igen,5.6
1977,24. For the Love of Benji,5.9
1977,"25. New York, New York",6.6
1978,1. Grease,7.2
1978,2. Delta-gänget,7.4
1978,3. Superman - The Movie,7.4
1978,4. Den vilda fighten,6.3
1978,5. Hajen 2,5.8
1978,6. Himlen kan vänta,6.9
1978,7. Ingen blåser Hooper,6.4
1978,8. Rosa Panterns hämnd,6.6
1978,9. Deer Hunter,8.1
1978,10. Alla helgons blodiga natt,7.7
1978,11. Tjejen som visste för mycket,6.8
1978,12. Slutet,6.1
1978,13. Upp i rök,6.9
1978,14. Midnight Express,7.5
1978,15. Hemkomsten,7.3
1978,16. Sagan om ringen,6.2
1978,"17. Kom loss, doktor Nichols!",6.6
1978,18. Damien - Omen II,6.2
1978,19. Världsrymden anfaller,7.4
1978,20. Konvoj,6.3
1978,21. The Wiz,5.6
1978,"22. Får jag presentera: Min mamma, herr Albin",7.2
1978,23. F·I·S·T,6.4
1978,24. Sgt. Pepper's Lonely Hearts Club Band,4.2
1978,25. Ögon,6.2
1979,1. Kramer mot Kramer,7.8
1979,2. Apocalypse,8.4
1979,3. Huset som gud glömde,6.2
1979,4. Rocky II,7.3
1979,5. Alien,8.5
1979,6. Star Trek,6.4
1979,7. Blåst på konfekten,6.1
1979,8. Supernollan,7.1
1979,9. Moonraker,6.3
1979,10. Mupparna,7.6
1979,11. Den självlysande ryttaren,6.4
1979,12. Kina-syndromet,7.4
1979,13. Kärlek vid första bettet,6.1
1979,14. Klantskallarna,6.2
1979,15. Flykten från Alcatraz,7.6
1979,16. Stjärnsmällen,5.6
1979,17. Manhattan,7.8
1979,18. Showtime,7.8
1979,19. Svarta hingsten,7.4
1979,20. Det svarta hålet,5.9
1979,21. Börja om från början,6.4
1979,22. ...och rättvisa åt alla,7.4
1979,23. 1941 - Ursäkta var är Hollywood?,5.8
1979,24. Utmaningen,6.8
1979,25. Välkommen Mr. Chance!,7.9
1980,1. Rymdimperiet slår tillbaka,8.7
1980,2. Superman II,6.8
1980,3. 9 till 5,6.9
1980,4. Dårfinkarna,6.7
1980,5. Titta vi flyger,7.7
1980,6. Nu fightas vi igen!,6.1
1980,7. Tjejen som gjorde lumpen,6.2
1980,8. Loretta,7.5
1980,9. Nu blåser vi snuten igen,5.3
1980,10. Den blå lagunen,5.8
1980,11. Blues Brothers,7.9
1980,12. En familj som andra,7.7
1980,13. Karl-Alfred,5.4
1980,14. Urban Cowboy,6.5
1980,15. The Shining,8.4
1980,16. Har vi inte setts förut?,6.7
1980,17. Cheech och Chongs nästa film,6.0
1980,18. Tom i bollen,7.2
1980,19. Fredagen den 13:e,6.4
1980,20. Brubaker,7.1
1980,21. I de lugnaste vatten...,6.5
1980,22. I nattens mörker,7.1
1980,23. Gudarna måste vara tokiga,7.3
1980,24. The Jazz Singer,5.9
1980,25. Blixt Gordon,6.5
1981,1. Jakten på den försvunna skatten,8.4
1981,2. Sista sommaren,7.6
1981,3. Porky's,6.2
1981,4. En brud för mycket,6.9
1981,5. Lumparkompisar,6.8
1981,6. Mitt i plåten!,6.2
1981,7. Micke och Molle - Vänner när det gäller,7.2
1981,8. Triumfens ögonblick,7.1
1981,9. Ur dödlig synvinkel,6.7
1981,10. Fyra årstider,6.8
1981,11. Time Bandits,6.9
1981,12. Gudarnas krig,6.9
1981,13. Utan ont uppsåt,6.9
1981,14. Reds,7.3
1981,15. Tarzan apmannen,3.5
1981,16. Tapto,6.8
1981,17. Ingen knäcker Sharky,6.3
1981,18. Excalibur,7.3
1981,"19. Det våras för världshistorien, del 1",6.8
1981,20. Rapp i käften,6.0
1981,21. Mupparnas nya äventyr,7.1
1981,22. Kärlek utan gräns,4.9
1981,23. En amerikansk varulv i London,7.5
1981,24. Grannarna,5.5
1981,"25. Fort Apache, Bronx N.Y.",6.7
1982,1. E.T. the Extra-Terrestrial,7.9
1982,2. Tootsie,7.4
1982,3. En officer och gentleman,7.1
1982,4. Rocky III,6.8
1982,5. Star Trek II - Khans vrede,7.7
1982,6. 48 timmar,6.9
1982,7. Poltergeist,7.3
1982,8. Det bästa lilla horhuset i Texas,6.1
1982,9. Annie,6.6
1982,10. Domslutet,7.7
1982,11. Gandhi,8.0
1982,12. First Blood,7.7
1982,13. Leksaken,5.8
1982,14. Firefox,5.9
1982,15. Den mörka kristallen,7.1
1982,16. Conan barbaren,6.9
1982,17. Det grymma svärdet,5.5
1982,18. Tjejen som inte ville gifta sig,5.5
1982,19. Fredagen den 13:e del 3 - Alla fasors blodiga dygn,5.6
1982,20. Richard Pryor: Live on the Sunset Strip,7.6
1982,21. Tron,6.7
1982,22. Blade Runner,8.1
1982,23. Titta vi opererar,5.5
1982,24. Sophies val,7.5
1982,25. Garp och hans värld,7.1
1983,1. Jedins återkomst,8.3
1983,2. Ömhetsbevis,7.4
1983,3. Flashdance,6.2
1983,4. Ombytta roller,7.5
1983,5. WarGames,7.1
1983,6. Octopussy,6.5
1983,7. Sudden Impact,6.6
1983,8. Staying Alive,4.8
1983,"9. Se upp, farsan är lös!",6.6
1983,10. Föräldrafritt,6.8
1983,11. Ett päron till farsa!,7.3
1983,12. Stålmannen går på en krypto-nit,5.0
1983,13. Människor emellan,7.1
1983,14. Never Say Never Again,6.1
1983,15. Scarface,8.3
1983,16. Hajen 3,3.7
1983,17. Blue Thunder,6.4
1983,18. Yentl,6.6
1983,19. Silkwood,7.1
1983,20. Psycho II,6.6
1983,21. Porky's 2 - Dagen efter,5.0
1983,22. Självmordspatrullen,6.3
1983,23. Vargarnas land,7.5
1983,24. Twilight Zone - På gränsen till det okända,6.4
1983,25. Easy Money,6.2
1984,1. Ghostbusters - Spökligan,7.8
1984,2. Snuten i Hollywood,7.4
1984,3. Indiana Jones och de fördömdas tempel,7.5
1984,4. Gremlins,7.3
1984,5. Karate Kid - Sanningens ögonblick,7.3
1984,6. Polisskolan,6.7
1984,7. Footloose,6.6
1984,8. Den vilda jakten på stenen,6.9
1984,9. Star Trek III - Spocks återkomst,6.6
1984,10. Purple Rain,6.5
1984,11. Splash,6.3
1984,12. Amadeus,8.4
1984,13. Tightrope,6.3
1984,14. Den bäste,7.4
1984,"15. Greystoke: Legenden om Tarzan, apornas konung",6.4
1984,16. Nördarna kommer!,6.6
1984,17. 2010,6.7
1984,18. Breakdance - The Movie,5.9
1984,19. Svensexan,6.3
1984,20. Röd gryning,6.3
1984,21. Terminator,8.1
1984,22. City Heat,5.5
1984,23. Mitt andra jag,6.7
1984,24. En plats i mitt hjärta,7.4
1984,25. Dödens fält,7.8
1985,1. Tillbaka till framtiden,8.5
1985,2. Rambo - First Blood II,6.5
1985,3. Rocky IV,6.9
1985,4. Purpurfärgen,7.7
1985,5. Mitt Afrika,7.1
1985,6. Cocoon - Djupets hemlighet,6.7
1985,7. Den vilda jakten på juvelen,6.1
1985,8. Vittne till mord,7.4
1985,9. The Goonies - Dödskallegänget,7.7
1985,10. Spioner är vi allihopa,6.4
1985,11. Polisskolan 2 - Första uppdraget,5.8
1985,12. Fletch,6.9
1985,13. Levande måltavla,6.3
1985,14. Ett päron till farsa på semester i Europa,6.2
1985,15. Mask,7.2
1985,16. Breakfast Club,7.8
1985,17. Vita nätter,6.7
1985,18. Pale Rider,7.3
1985,19. Pee-Wees stora äventyr,7.0
1985,20. Brewsters miljoner,6.5
1985,21. Kniven är enda vittnet,6.5
1985,22. St. Elmo's Fire,6.4
1985,23. Mad Max bortom Thunderdome,6.2
1985,24. Commando,6.7
1985,25. Teen Wolf,6.1
1986,1. Top Gun,6.9
1986,2. Crocodile Dundee - En storviltjägare i New York,6.6
1986,3. Plutonen,8.1
1986,4. Karate Kid II - Mästarprovet,6.1
1986,5. Resan hem,7.3
1986,6. Back to School,6.7
1986,7. Aliens - Återkomsten,8.4
1986,8. The Golden Child,6.0
1986,9. Hjärtlösa typer,6.9
1986,10. Fira med Ferris,7.8
1986,11. På luffen i Beverly Hills,6.2
1986,12. The Color of Money - 'revanschen',7.0
1986,13. Stand by Me,8.1
1986,14. Legal Eagles - En tavla för mycket,6.0
1986,15. Cobra,5.8
1986,16. Resan till Amerika,6.9
1986,17. Polisskolan 3 - Begåvningsreserven,5.4
1986,18. Heartbreak Ridge,6.8
1986,19. Peggy Sue gifte sig,6.4
1986,20. Poltergeist II - Den andra sidan,5.7
1986,21. Nr 5 lever!,6.6
1986,22. Pretty in Pink,6.7
1986,23. Flugan,7.6
1986,24. Hannah och hennes systrar,7.8
1986,25. ¡Tre amigos!,6.5
1987,1. Tre män och en baby,6.1
1987,2. Farlig förbindelse,6.9
1987,3. Snuten i Hollywood II,6.6
1987,"4. Good Morning, Vietnam",7.3
1987,5. Mångalen,7.2
1987,6. De omutbara,7.8
1987,7. Nyckeln till framgång,6.5
1987,8. Spanarna,6.7
1987,9. Dödligt vapen,7.6
1987,10. Dirty Dancing,7.1
1987,11. Häxorna i Eastwick,6.5
1987,12. Rovdjuret,7.8
1987,13. Släng morsan av tåget,6.3
1987,14. Dragnet,6.0
1987,15. La Bamba,6.9
1987,16. RoboCop,7.6
1987,17. Par i damer,6.2
1987,18. Broadcast News - Nyhetsfeber,7.3
1987,19. Iskallt uppdrag,6.7
1987,20. Raw,7.6
1987,21. Raka spåret till Chicago,7.6
1987,22. Full Metal Jacket,8.2
1987,23. Terror på Elm Street 3 - Freddys återkomst,6.7
1987,24. Den siste kejsaren,7.7
1987,25. Wall Street,7.3
1988,1. Rain Man,8.0
1988,2. Vem satte dit Roger Rabbit,7.7
1988,3. En prins i New York,7.1
1988,4. Big,7.3
1988,5. Twins,6.2
1988,6. 'Crocodile' Dundee II,5.7
1988,7. Die Hard,8.2
1988,8. Den nakna pistolen,7.6
1988,9. Cocktail,5.9
1988,10. Beetlejuice,7.5
1988,11. Oliver & gänget,6.6
1988,12. Working Girl,6.8
1988,13. En fisk som heter Wanda,7.5
1988,14. Scrooged - Spökenas hämnd,6.9
1988,15. Willow,7.2
1988,16. Stränder,7.0
1988,17. Rambo III,5.8
1988,18. Bull Durham,7.0
1988,19. Terror på Elm Street 4 - Freddys mardröm,5.6
1988,20. Landet för längesedan,7.4
1988,21. Colors,6.7
1988,22. Young Guns,6.8
1988,23. Polarna på Camp Biloxi,6.7
1988,24. Rivierans guldgossar,7.4
1988,25. Vrålet från vildmarken,6.6
1989,1. Batman,7.5
1989,2. Indiana Jones och det sista korståget,8.2
1989,3. Dödligt vapen 2,7.3
1989,4. Titta han snackar!,5.9
1989,"5. Älskling, jag krympte barnen",6.4
1989,6. Tillbaka till framtiden del II,7.8
1989,7. Ghostbusters II,6.6
1989,8. Den lilla sjöjungfrun,7.6
1989,9. På väg med miss Daisy,7.3
1989,10. Föräldraskap,7.1
1989,11. Döda poeters sällskap,8.1
1989,12. När Harry träffade Sally...,7.7
1989,13. Den vilda jakten på lyckan,6.8
1989,14. Blommor av stål,7.3
1989,15. Ett päron till farsa firar jul,7.5
1989,16. Turner & Hooch,6.2
1989,17. Född den fjärde juli,7.2
1989,18. Uncle Buck,7.1
1989,19. Drömmarnas fält,7.5
1989,20. Tango & Cash,6.4
1989,21. Harlem Nights,6.1
1989,22. Sea of Love,6.8
1989,23. Jurtjyrkogården,6.5
1989,24. Avgrunden,7.5
1989,25. Star Trek V - Den yttersta gränsen,5.5
1990,1. Ensam hemma,7.7
1990,2. Ghost,7.1
1990,3. Dansar med vargar,8.0
1990,4. Pretty Woman,7.1
1990,5. Teenage Mutant Ninja Turtles,6.8
1990,6. Jakten på Röd Oktober,7.5
1990,7. Total Recall,7.5
1990,8. Die Hard 2,7.1
1990,9. Dick Tracy,6.2
1990,10. Dagissnuten,6.2
1990,11. Tillbaka till framtiden del III,7.4
1990,12. Misstänkt för mord,6.9
1990,13. Days of Thunder,6.1
1990,14. 48 timmar igen,5.9
1990,15. Tre män och en liten tjej,5.5
1990,16. Lovligt byte,6.0
1990,17. Gudfadern del III,7.6
1990,18. Dödlig puls,6.6
1990,19. Lida,7.8
1990,20. Edward Scissorhands,7.9
1990,21. Satungen,5.5
1990,22. Imse vimse spindel...,6.5
1990,23. Uppvaknanden,7.8
1990,24. Titta hon snackar också!,4.7
1990,25. Hard to Kill,5.8
1991,1. Skönheten och Odjuret,8.0
1991,2. Terminator 2 - Domedagen,8.6
1991,3. Robin Hood: Prince of Thieves,6.9
1991,4. När lammen tystnar,8.6
1991,5. City Slickers - Jakten på det försvunna leendet,6.8
1991,6. Hook,6.8
1991,7. Familjen Addams,6.9
1991,8. Sova med fienden,6.3
1991,9. Brudens far,6.6
1991,10. Den nakna pistolen 2 ½. Doften av rädsla,6.9
1991,11. Stekta gröna tomater på Whistle Stop Café,7.7
1991,12. Cape Fear,7.3
1991,13. Teenage Mutant Ninja Turtles II - Kampen om Ooze,6.0
1991,14. Eldstorm,6.7
1991,15. Star Trek VI - The Undiscovered Country,7.2
1991,16. Tidvattnets furste,6.8
1991,17. JFK,8.0
1991,18. Hot Shots! - Höjdarna,6.7
1991,19. Hur mår Bob?,7.0
1991,20. Den siste scouten,7.0
1991,21. Min tjej,6.9
1991,22. Boyz n the Hood,7.8
1991,23. Doc Hollywood,6.3
1991,24. Bugsy,6.8
1991,25. New Jack City,6.6
1992,1. Aladdin,8.0
1992,2. Ensam hemma 2 - Vilse i New York,6.9
1992,3. Batman - Återkomsten,7.1
1992,4. Dödligt vapen 3,6.7
1992,5. På heder och samvete,7.7
1992,6. En värsting till syster,6.5
1992,7. Bodyguard,6.4
1992,8. Wayne's World,7.0
1992,9. Basic Instinct - Iskallt begär,7.1
1992,10. Tjejligan,7.3
1992,11. De skoningslösa,8.2
1992,12. Handen som gungar vaggan,6.7
1992,13. Under belägring,6.5
1992,14. Patrioter,6.8
1992,15. Dracula,7.4
1992,16. White Men Can't Jump,6.8
1992,17. Den siste Mohikanen,7.6
1992,18. Boomerang,5.6
1992,19. En kvinnas doft,8.0
1992,20. The Crying Game,7.2
1992,21. Drömmarnas horisont,6.6
1992,"22. Älskling, jag förstorade barnet",4.9
1992,23. Snyltgästen,6.2
1992,24. Döden klär henne,6.7
1992,25. Förbjudet begär,6.4
1993,1. Jurassic Park,8.2
1993,2. Välkommen Mrs. Doubtfire,7.1
1993,3. Jagad,7.8
1993,4. Firman,6.9
1993,5. Sömnlös i Seattle,6.8
1993,6. Ett oanständigt förslag,6.0
1993,7. I skottlinjen,7.2
1993,8. Pelikanfallet,6.6
1993,9. Schindler's List,9.0
1993,10. Nightmare Before Christmas,7.9
1993,11. Cliffhanger - Svindlande avgrund,6.5
1993,12. Rädda Willy,6.0
1993,13. Philadelphia,7.7
1993,14. Måndag hela veckan,8.0
1993,15. Griniga gamla gubbar,7.0
1993,16. Cool Runnings,7.0
1993,17. Dave,6.9
1993,18. Blodröd sol,6.3
1993,19. Demolition Man,6.7
1993,20. En värsting till syster 2 - Redo att synda igen,5.7
1993,21. Tombstone,7.8
1993,22. De tre musketörerna,6.4
1993,23. Rookie of the Year,6.1
1993,24. Beethovens tvåa,5.0
1993,25. Dennis,5.7
1994,1. Lejonkungen,8.5
1994,2. Forrest Gump,8.8
1994,3. True Lies,7.3
1994,4. Nu är det jul - igen,6.6
1994,5. The Flintstones,5.0
1994,6. Dum & dummare,7.3
1994,7. Påtaglig fara,6.9
1994,8. Speed,7.3
1994,9. The Mask,7.0
1994,10. Pulp Fiction,8.9
1994,11. En vampyrs bekännelse: Vampyrkrönikan,7.5
1994,12. Maverick,7.0
1994,13. Klienten,6.7
1994,14. Skamgrepp,6.2
1994,15. Star Trek: Generations,6.6
1994,16. Den galopperande detektiven,6.9
1994,17. Stargate,7.0
1994,18. Höstlegender,7.5
1994,19. Wolf,6.3
1994,20. Specialisten,5.6
1994,21. Fyra bröllop och en begravning,7.1
1994,22. Busungarna,6.3
1994,23. Nakna pistolen 33 1/3 - Den slutgiltiga förolämpningen,6.5
1994,24. The Crow,7.5
1994,25. Natural Born Killers,7.2
1995,1. Toy Story,8.3
1995,2. Batman Forever,5.4
1995,3. Apollo 13,7.7
1995,4. Pocahontas,6.7
1995,5. Ace Ventura - Den galopperande detektiven rider igen,6.4
1995,6. GoldenEye,7.2
1995,7. Seven,8.6
1995,8. Jumanji,7.1
1995,9. Casper,6.2
1995,10. Die Hard - Hämningslöst,7.6
1995,11. Rött hav,7.4
1995,12. Waterworld,6.3
1995,13. Farliga sinnen,6.5
1995,14. Mr. Holland's Opus,7.3
1995,15. Medan du sov,6.8
1995,16. Congo,5.3
1995,17. Brudens far 2,6.1
1995,18. Braveheart,8.3
1995,19. Get Shorty,6.9
1995,20. Gamla gubbar - Nu ännu grinigare,6.7
1995,21. Broarna i Madison County,7.6
1995,22. Mortal Kombat,5.8
1995,23. Nio månader,5.5
1995,24. Outbreak - I farozonen,6.6
1995,25. Heat,8.3
1996,1. Independence Day,7.0
1996,2. Twister,6.5
1996,3. Mission: Impossible,7.2
1996,4. Jerry Maguire,7.3
1996,5. Ransom,6.7
1996,6. 101 dalmatiner,5.8
1996,7. The Rock,7.4
1996,8. Den galna professorn,5.7
1996,9. The Birdcage - Lånta fjädrar,7.2
1996,10. Juryn - A Time to Kill,7.5
1996,11. Före detta fruars klubb,6.4
1996,12. Fenomen,6.4
1996,13. Scream,7.4
1996,14. Eraser,6.2
1996,15. Ringaren i Notre Dame,7.0
1996,16. Michael,5.7
1996,17. Star Trek: First Contact,7.6
1996,18. Space Jam,6.5
1996,19. Den engelske patienten,7.4
1996,20. Broken Arrow,6.1
1996,21. Beavis and Butt-Head Do America,6.8
1996,22. Klappjakten,5.8
1996,23. Cable Guy,6.1
1996,24. I sanningens namn,6.6
1996,25. Jack,5.8
1997,1. Titanic,7.9
1997,2. Men in Black,7.3
1997,3. The Lost World: Jurassic Park,6.6
1997,4. Liar Liar,6.9
1997,5. Air Force One,6.5
1997,6. Livet från den ljusa sidan,7.7
1997,7. Will Hunting,8.3
1997,8. Min bäste väns bröllop,6.4
1997,9. Tomorrow Never Dies,6.5
1997,10. Face/Off,7.3
1997,11. Batman & Robin,3.8
1997,12. Djungel George,5.5
1997,13. Scream 2,6.3
1997,14. Con Air,6.9
1997,15. Kontakt,7.5
1997,16. Herkules,7.3
1997,17. Flubber,5.3
1997,18. Sammansvärjningen,6.7
1997,19. Jag vet vad du gjorde förra sommaren,5.8
1997,20. Dante's Peak,6.0
1997,21. Anaconda,4.9
1997,22. L.A. konfidentiellt,8.2
1997,23. Ute eller inte,6.4
1997,24. Det femte elementet,7.6
1997,25. Mus i sitt eget hus,6.5
1998,1. Rädda menige Ryan,8.6
1998,2. Armageddon,6.7
1998,3. Den där Mary,7.1
1998,4. Ett småkryps liv,7.2
1998,5. Waterboy,6.2
1998,6. Dr. Dolittle,5.4
1998,7. Rush Hour,7.0
1998,8. Deep Impact,6.3
1998,9. Godzilla,5.5
1998,10. Patch Adams,6.8
1998,11. Dödligt vapen 4,6.6
1998,12. Truman Show,8.2
1998,13. Mulan,7.7
1998,14. Du har mail,6.7
1998,15. Enemy of the State,7.3
1998,16. Prinsen av Egypten,7.2
1998,17. Rugrats - Filmen,5.9
1998,18. Shakespeare in Love,7.1
1998,19. Zorro - Den maskerade hämnaren,6.8
1998,20. Vid din sida,6.8
1998,21. Antz,6.5
1998,22. Pokémon - Filmen,6.3
1998,23. Arkiv X: Fight the Future,7.0
1998,24. The Wedding Singer,6.9
1998,25. Änglarnas stad,6.7
1999,1. Star Wars: Episod I - Det mörka hotet,6.5
1999,2. Sjätte sinnet,8.2
1999,3. Toy Story 2,7.9
1999,4. Austin Powers - The Spy Who Shagged Me,6.7
1999,5. Matrix,8.7
1999,6. Tarzan,7.3
1999,7. Big Daddy,6.4
1999,8. Mumien,7.1
1999,9. Runaway Bride,5.6
1999,10. The Blair Witch Project,6.5
1999,11. Stuart Little,6.0
1999,12. Den gröna milen,8.6
1999,13. American Beauty,8.3
1999,14. Världen räcker inte till,6.4
1999,15. Double Jeopardy,6.5
1999,16. Notting Hill,7.2
1999,17. Wild Wild West,4.9
1999,18. Analysera mera!,6.7
1999,19. Generalens dotter,6.4
1999,20. American Pie,7.0
1999,21. Sleepy Hollow,7.3
1999,22. Gadget,4.2
1999,23. The Haunting,5.0
1999,24. Entrapment,6.3
1999,25. Payback,7.1
2000,1. Grinchen - Julen är stulen,6.4
2000,2. Cast Away,7.8
2000,3. M:I-2,6.1
2000,4. Gladiator,8.5
2000,5. Vad kvinnor vill ha,6.5
2000,6. The Perfect Storm,6.5
2000,7. Släkten är värst,7.0
2000,8. X-Men,7.3
2000,9. Scary Movie,6.3
2000,10. Dolt under ytan,6.6
2000,11. Dinosaur,6.4
2000,"12. Crouching Tiger, Hidden Dragon",7.9
2000,13. Erin Brockovich,7.5
2000,14. Charlies änglar,5.6
2000,15. Traffic,7.6
2000,16. Den galna professorn 2 - Klumps,4.5
2000,17. Big Mommas hus,5.2
2000,18. Remember the Titans,7.8
2000,19. Patrioten,7.2
2000,20. Flykten från hönsgården,7.1
2000,21. Miss Secret Agent,6.3
2000,22. Gone in 60 Seconds,6.5
2000,23. Unbreakable,7.3
2000,24. Mina jag & Irene,6.6
2000,25. Space Cowboys,6.5
2001,1. Sagan om ringen: Härskarringen,8.9
2001,2. Harry Potter och De vises sten,7.7
2001,"3. Monsters, Inc.",8.1
2001,4. Shrek,7.9
2001,5. Rush Hour 2,6.7
2001,6. Mumien - Återkomsten,6.4
2001,7. Pearl Harbor,6.2
2001,8. Ocean's Eleven,7.7
2001,9. Jurassic Park III,5.9
2001,10. Apornas planet,5.7
2001,11. A Beautiful Mind,8.2
2001,12. Hannibal,6.8
2001,13. American Pie 2,6.4
2001,14. The Fast and the Furious,6.8
2001,15. Lara Croft: Tomb Raider,5.8
2001,16. Dr. Dolittle 2,4.7
2001,17. Spy Kids,5.6
2001,18. Black Hawk Down,7.7
2001,19. En prinsessas dagbok,6.4
2001,20. Vanilla Sky,6.9
2001,21. The Others,7.6
2001,22. Legally Blonde,6.5
2001,23. America's Sweethearts,5.7
2001,24. Som hund och katt,5.2
2001,25. Save the Last Dance,6.2
2002,1. Spider-Man,7.4
2002,2. Sagan om de två tornen,8.8
2002,3. Star Wars: Episod II - Klonerna anfaller,6.6
2002,4. Harry Potter och Hemligheternas kammare,7.4
2002,5. Mitt stora feta grekiska bröllop,6.6
2002,6. Signs,6.8
2002,7. Austin Powers in Goldmember,6.2
2002,8. Men in Black II,6.2
2002,9. Ice Age,7.5
2002,10. Chicago,7.2
2002,11. Catch Me If You Can,8.1
2002,12. Die Another Day,6.1
2002,13. Scooby-Doo,5.3
2002,14. Lilo & Stitch,7.3
2002,15. xXx,5.8
2002,16. Nu är det jul - igen 2,5.7
2002,17. Minority Report,7.6
2002,18. The Ring,7.1
2002,19. Sweet Home Alabama,6.2
2002,20. Mr. Deeds,5.8
2002,21. The Bourne Identity,7.8
2002,22. The Sum of All Fears,6.5
2002,23. 8 Mile,7.2
2002,24. Road to Perdition,7.7
2002,25. Panic Room,6.8
2003,1. Sagan om konungens återkomst,9.0
2003,2. Hitta Nemo,8.2
2003,3. Pirates of the Caribbean: Svarta Pärlans förbannelse,8.1
2003,4. Matrix Reloaded,7.2
2003,5. Bruce den allsmäktige,6.8
2003,6. X-Men 2,7.4
2003,7. Elf,7.1
2003,8. Terminator 3: Rise of the Machines,6.3
2003,9. Matrix Revolutions,6.7
2003,10. Fullt hus,5.9
2003,11. Bad Boys II,6.6
2003,12. Anger Management,6.3
2003,13. Bringing Down the House,5.6
2003,14. Hulk,5.6
2003,15. 2 Fast 2 Furious,5.9
2003,16. Galen i kärlek,6.7
2003,17. Seabiscuit,7.3
2003,18. S.W.A.T.,6.1
2003,19. Spy Kids 3-D - Game Over,4.4
2003,20. Den siste samurajen,7.8
2003,21. Freaky Friday,6.3
2003,22. Scary Movie 3,5.6
2003,23. The Italian Job,7.0
2003,24. Hur man blir av med en kille på 10 dagar,6.5
2003,25. American Pie - The Wedding,6.3
2004,1. Shrek 2,7.4
2004,2. Spider-Man 2,7.5
2004,3. The Passion of the Christ,7.2
2004,4. Familjen är värre,6.3
2004,5. Superhjältarna,8.0
2004,6. Harry Potter och Fången från Azkaban,7.9
2004,7. Polarexpressen,6.6
2004,8. Day After Tomorrow,6.5
2004,9. The Bourne Supremacy,7.7
2004,10. National Treasure,6.9
2004,11. Hajar som hajar,6.0
2004,"12. I, Robot",7.1
2004,13. Troja,7.3
2004,14. Ocean's Twelve,6.5
2004,15. 50 First Dates,6.8
2004,16. Van Helsing,6.1
2004,17. Fahrenheit 9/11,7.5
2004,18. Lemony Snickets berättelse om syskonen Baudelaires olycksaliga liv,6.8
2004,19. Dodgeball - En komedi som siktar lågt,6.7
2004,20. The Village,6.6
2004,21. The Grudge,5.9
2004,22. The Aviator,7.5
2004,23. Collateral,7.5
2004,24. Million Dollar Baby,8.1
2004,25. En prinsessas dagbok 2: Kungligt uppdrag,5.8
2005,1. Star Wars: Episod III - Mörkrets hämnd,7.6
2005,2. Berättelsen om Narnia: Häxan och lejonet,6.9
2005,3. Harry Potter och Den flammande bägaren,7.7
2005,4. Världarnas krig,6.5
2005,5. King Kong,7.2
2005,6. Wedding Crashers,7.0
2005,7. Batman Begins,8.2
2005,8. Kalle och chokladfabriken,6.7
2005,9. Madagaskar,6.9
2005,10. Mr. & Mrs. Smith,6.5
2005,11. Hitch - Din guide till en lyckad date,6.6
2005,12. Benknäckargänget - Krossa dem,6.4
2005,13. Fantastic Four,5.7
2005,14. Lilla kycklingen,5.7
2005,15. Robotar,6.4
2005,16. Walk the Line,7.8
2005,17. The Pacifier,5.6
2005,18. Fun with Dick and Jane,6.2
2005,19. The 40-Year-Old Virgin,7.1
2005,20. Flightplan,6.3
2005,21. Saw II,6.6
2005,22. Brokeback Mountain,7.7
2005,23. Monster till svärmor,5.6
2005,24. Are We There Yet?,4.8
2005,25. Fullt hus igen,5.5
2006,1. Pirates of the Caribbean - Död mans kista,7.4
2006,2. Natt på museet,6.5
2006,3. Bilar,7.3
2006,4. X-Men: The Last Stand,6.6
2006,5. Da Vinci-koden,6.6
2006,6. 300,7.6
2006,7. Superman Returns,6.1
2006,8. Happy Feet,6.4
2006,9. Ice Age 2,6.8
2006,10. Casino Royale,8.0
2006,11. Jakten på lycka,8.0
2006,12. På andra sidan häcken,6.7
2006,13. Talladega Nights,6.6
2006,14. Click,6.4
2006,15. Mission: Impossible III,6.9
2006,16. The Departed,8.5
2006,17. Borat,7.4
2006,18. Djävulen bär Prada,6.9
2006,19. The Break-Up,5.8
2006,20. Dreamgirls,6.6
2006,21. Scary Movie 4,5.1
2006,22. Hemma bäst,5.7
2006,23. Inside Man,7.6
2006,24. Boog & Elliot - Vilda vänner,6.1
2006,25. Nu är det jul - igen 3,4.8
2007,1. Spider-Man 3,6.3
2007,2. Shrek den tredje,6.1
2007,3. Transformers,7.1
2007,4. Pirates of the Caribbean: Vid världens ände,7.1
2007,5. Harry Potter och Fenixorden,7.5
2007,6. I Am Legend,7.2
2007,7. The Bourne Ultimatum,8.0
2007,8. National Treasure: Hemligheternas bok,6.5
2007,9. Alvin och gänget,5.3
2007,10. Råttatouille,8.1
2007,11. The Simpsons filmen,7.3
2007,12. Wild Hogs,5.8
2007,13. På smällen,6.9
2007,14. Juno,7.4
2007,15. Rush Hour 3,6.2
2007,16. Die Hard 4.0,7.1
2007,17. Fantastic Four: Rise of the Silver Surfer,5.6
2007,18. American Gangster,7.8
2007,19. Förtrollad,7.1
2007,20. Bee Movie,6.1
2007,21. Supersugen,7.6
2007,22. Härmed förklarar jag er Chuck och Larry,5.9
2007,23. Hairspray,6.7
2007,24. Blades of Glory,6.3
2007,25. Ocean's Thirteen,6.9
2008,1. The Dark Knight,9.0
2008,2. Iron Man,7.9
2008,3. Indiana Jones och kristalldödskallens rike,6.2
2008,4. Hancock,6.4
2008,5. Wall-E,8.4
2008,6. Kung Fu Panda,7.6
2008,7. Twilight,5.3
2008,8. Madagaskar 2,6.6
2008,9. Quantum of Solace,6.5
2008,10. Horton,6.8
2008,11. Sex and the City,5.7
2008,12. Gran Torino,8.1
2008,13. Taken,7.7
2008,14. Mamma Mia!,6.5
2008,15. Marley & jag,7.0
2008,16. Berättelsen om Narnia: Prins Caspian,6.5
2008,17. Slumdog Millionaire,8.0
2008,18. The Incredible Hulk,6.6
2008,19. Wanted,6.7
2008,20. Get Smart,6.5
2008,21. Benjamin Buttons otroliga liv,7.8
2008,"22. Borta bäst, hemma värst",5.7
2008,23. Bolt,6.8
2008,24. Tropic Thunder,7.1
2008,25. Bedtime Stories,6.0
2009,1. Avatar,7.9
2009,2. Transformers: De besegrades hämnd,6.0
2009,3. Harry Potter och Halvblodsprinsen,7.6
2009,4. New Moon (Twilight 2),4.8
2009,5. Upp,8.3
2009,6. Baksmällan,7.7
2009,7. Star Trek,7.9
2009,8. The Blind Side,7.6
2009,9. Alvin och gänget 2,4.6
2009,10. Sherlock Holmes,7.6
2009,11. Monsters vs. Aliens,6.4
2009,12. Ice Age 3: Det våras för dinosaurierna,6.9
2009,13. X-Men Origins: Wolverine,6.5
2009,14. Natt på museet 2,6.0
2009,15. 2012,5.8
2009,16. The Proposal,6.8
2009,17. Fast & Furious,6.5
2009,18. G.I. Joe: The Rise of Cobra,5.7
2009,19. Snuten i varuhuset,5.3
2009,20. En julsaga,6.8
2009,21. Änglar och demoner,6.7
2009,22. Terminator Salvation,6.5
2009,23. Det regnar köttbullar,6.9
2009,24. Inglourious Basterds,8.4
2009,25. G-Force,5.1
2010,1. Toy Story 3,8.3
2010,2. Alice i Underlandet,6.4
2010,3. Iron Man 2,6.9
2010,4. The Twilight Saga: Eclipse,5.1
2010,5. Harry Potter och Dödsrelikerna: Del 1,7.7
2010,6. Inception,8.8
2010,7. Dumma mej,7.6
2010,8. Shrek - Nu och för alltid,6.3
2010,9. Draktränaren,8.1
2010,10. Trassel,7.7
2010,11. The Karate Kid,6.2
2010,12. Tron: Legacy,6.8
2010,13. True Grit,7.6
2010,14. Clash of the Titans,5.8
2010,15. Grown Ups,6.0
2010,16. Meet the Parents: Little Fockers,5.5
2010,17. Megamind,7.3
2010,18. The King's Speech,8.0
2010,19. The Last Airbender,4.0
2010,20. Shutter Island,8.2
2010,21. The Other Guys,6.7
2010,22. Salt,6.5
2010,23. Jackass 3D,7.0
2010,24. Valentine's Day,5.7
2010,25. Black Swan,8.0
2011,1. Harry Potter och Dödsrelikerna: Del 2,8.1
2011,2. Transformers 3,6.2
2011,3. The Twilight Saga: Breaking Dawn - Part 1,4.9
2011,4. Baksmällan del II,6.5
2011,5. Pirates of the Caribbean: I främmande farvatten,6.6
2011,6. Fast & Furious 5,7.3
2011,7. Mission: Impossible - Ghost Protocol,7.4
2011,8. Bilar 2,6.2
2011,9. Sherlock Holmes: A Game of Shadows,7.4
2011,10. Thor,7.0
2011,11. Apornas planet: (r)Evolution,7.6
2011,12. Captain America: The First Avenger,6.9
2011,13. Niceville,8.1
2011,14. Bridesmaids,6.8
2011,15. Kung Fu Panda 2,7.3
2011,16. Mästerkatten,6.6
2011,17. X-Men: First Class,7.7
2011,18. Rio,6.9
2011,19. Smurfarna,5.4
2011,20. Alvin och gänget 3,4.4
2011,21. Super 8,7.0
2011,22. Rango,7.3
2011,23. Horrible Bosses,6.9
2011,24. Green Lantern,5.5
2011,25. Hopp,5.4
2012,1. Avengers,8.0
2012,2. The Dark Knight Rises,8.4
2012,3. Hunger Games,7.2
2012,4. Skyfall,7.8
2012,5. Hobbit: En oväntad resa,7.8
2012,6. The Twilight Saga: Breaking Dawn - Part 2,5.6
2012,7. The Amazing Spider-Man,6.9
2012,8. Modig,7.1
2012,9. Ted,6.9
2012,10. Madagaskar 3,6.8
2012,11. Lorax,6.4
2012,12. Röjar-Ralf,7.7
2012,13. Lincoln,7.3
2012,14. Men in Black 3,6.8
2012,15. Django Unchained,8.5
2012,16. Ice Age 4: Jorden skakar loss,6.5
2012,17. Snow White and the Huntsman,6.1
2012,18. Les Misérables,7.5
2012,19. Hotell Transylvanien,7.0
2012,20. Taken 2,6.2
2012,21. 21 Jump Street,7.2
2012,22. Argo,7.7
2012,23. Du gör mig galen!,7.7
2012,24. Prometheus,7.0
2012,25. Safe House,6.7
2013,1. The Hunger Games: Catching Fire,7.5
2013,2. Iron Man 3,7.1
2013,3. Frost,7.4
2013,4. Dumma mej 2,7.3
2013,5. Man of Steel,7.1
2013,6. Gravity,7.7
2013,7. Monsters University,7.2
2013,8. Hobbit: Smaugs ödemark,7.8
2013,9. Fast & Furious 6,7.0
2013,10. Oz the Great and Powerful,6.3
2013,11. Star Trek Into Darkness,7.7
2013,12. Thor: The Dark World,6.7
2013,13. World War Z,7.0
2013,14. Croodarna,7.1
2013,15. The Heat,6.6
2013,16. Familjetrippen,7.0
2013,17. American Hustle,7.2
2013,18. Den store Gatsby,7.2
2013,19. The Conjuring,7.5
2013,20. Identity Thief,5.7
2013,21. Grown Ups 2,5.4
2013,22. The Wolverine,6.7
2013,23. Anchorman: The Legend Continues,6.3
2013,24. Lone Survivor,7.5
2013,25. G.I. Joe: Retaliation,5.7
2014,1. American Sniper,7.3
2014,2. The Hunger Games 3: Mockingjay del 1,6.6
2014,3. Guardians of the Galaxy,8.0
2014,4. Captain America: The Return of the First Avenger,7.7
2014,5. Lego-filmen,7.7
2014,6. Hobbit del 3: Femhäraslaget,7.4
2014,7. Transformers: Age of Extinction,5.6
2014,8. Maleficent,6.9
2014,9. X-Men: Days of Future Past,7.9
2014,10. Big Hero 6,7.8
2014,11. Apornas planet: Uppgörelsen,7.6
2014,12. The Amazing Spider-Man 2,6.6
2014,13. Interstellar,8.7
2014,14. Godzilla,6.4
2014,15. 22 Jump Street,7.0
2014,16. Teenage Mutant Ninja Turtles,5.8
2014,17. Draktränaren 2,7.8
2014,18. Gone Girl,8.1
2014,19. Divergent,6.6
2014,20. Bad Neighbours,6.3
2014,21. Ride Along,6.1
2014,22. Rio 2,6.3
2014,23. Kingsman: The Secret Service,7.7
2014,24. Into the Woods,5.9
2014,25. Lucy,6.4
2015,1. Star Wars: The Force Awakens,7.8
2015,2. Jurassic World,6.9
2015,3. Avengers: Age of Ultron,7.3
2015,4. Insidan ut,8.1
2015,5. Fast & Furious 7,7.1
2015,6. Minioner,6.4
2015,7. The Hunger Games: Mockingjay - Part 2,6.6
2015,8. The Martian,8.0
2015,9. Berättelsen om Askungen,6.9
2015,10. Spectre,6.8
2015,11. Mission: Impossible - Rogue Nation,7.4
2015,12. Pitch Perfect 2,6.4
2015,13. The Revenant,8.0
2015,14. Ant-Man,7.2
2015,15. Home,6.5
2015,16. Hotell Transylvanien 2,6.6
2015,17. Fifty Shades of Grey,4.2
2015,18. SvampBob Fyrkant: Äventyr på torra land,6.0
2015,19. Straight Outta Compton,7.8
2015,20. San Andreas,6.1
2015,21. Mad Max: Fury Road,8.1
2015,22. Daddy's Home,6.2
2015,23. Insurgent,6.2
2015,24. Snobben: The Peanuts Movie,7.0
2015,25. Den gode dinosaurien,6.7
2016,1. Rogue One: A Star Wars Story,7.8
2016,2. Hitta Doris,7.2
2016,3. Captain America: Civil War,7.8
2016,4. Husdjurens hemliga liv,6.5
2016,5. Djungelboken,7.3
2016,6. Deadpool,8.0
2016,7. Zootropolis,8.0
2016,8. Batman v Superman: Dawn of Justice,6.5
2016,9. Suicide Squad,5.9
2016,10. Sing,7.1
2016,11. Vaiana,7.6
2016,12. Fantastiska vidunder och var man hittar dem,7.2
2016,13. Doctor Strange,7.5
2016,14. Dolda tillgångar,7.8
2016,15. Jason Bourne,6.6
2016,16. Star Trek Beyond,7.0
2016,17. X-Men: Apocalypse,6.8
2016,18. Trolls,6.4
2016,19. La La Land,8.0
2016,20. Kung Fu Panda 3,7.1
2016,21. Split,7.3
2016,22. Ghostbusters,6.8
2016,23. Central Intelligence,6.3
2016,24. Legenden om Tarzan,6.2
2016,25. Sully,7.4
2017,1. Star Wars: The Last Jedi,6.9
2017,2. Skönheten och odjuret,7.1
2017,3. Wonder Woman,7.3
2017,4. Jumanji: Welcome to the Jungle,7.0
2017,5. Guardians of the Galaxy Vol. 2,7.6
2017,6. Spider-Man: Homecoming,7.4
2017,7. Det,7.3
2017,8. Thor: Ragnarök,7.9
2017,9. Dumma mej 3,6.3
2017,10. Justice League,6.0
2017,11. Logan - The Wolverine,8.1
2017,12. Fast & Furious 8,6.6
2017,13. Coco,8.4
2017,14. Dunkirk,7.8
2017,15. Get Out,7.8
2017,16. The Lego Batman Movie,7.3
2017,17. Baby-bossen,6.3
2017,18. The Greatest Showman,7.5
2017,19. Pirates of the Caribbean: Salazar's Revenge,6.5
2017,20. Kong: Skull Island,6.7
2017,21. Bilar 3,6.7
2017,22. Apornas planet: Striden,7.4
2017,23. Wonder,7.9
2017,24. Transformers: The Last Knight,5.2
2017,25. Girls Trip,6.2
2018,1. Black Panther,7.3
2018,2. Avengers: Infinity War,8.4
2018,3. Superhjältarna 2,7.5
2018,4. Jurassic World: Fallen Kingdom,6.1
2018,5. Aquaman,6.8
2018,6. Deadpool 2,7.6
2018,7. Grinchen,6.4
2018,8. Mission: Impossible - Fallout,7.7
2018,9. Bohemian Rhapsody,7.9
2018,10. Ant-Man and the Wasp,7.0
2018,11. A Star Is Born,7.6
2018,12. Solo: A Star Wars Story,6.9
2018,13. Venom,6.6
2018,14. Röjar-Ralf kraschar internet,7.0
2018,15. Spider-Man: Into the Spider-Verse,8.4
2018,16. A Quiet Place,7.5
2018,17. Crazy Rich Asians,6.9
2018,18. Mary Poppins kommer tillbaka,6.7
2018,19. Hotell Transylvanien 3: En monstersemester,6.3
2018,20. Fantastiska vidunder: Grindelwalds brott,6.5
2018,21. Halloween,6.5
2018,22. The Meg,5.7
2018,23. Ocean's Eight,6.3
2018,24. Ready Player One,7.4
2018,25. Bumblebee,6.7
2019,1. Avengers: Endgame,8.4
2019,2. Lejonkungen,6.8
2019,3. Star Wars: The Rise of Skywalker,6.4
2019,4. Frost II,6.8
2019,5. Toy Story 4,7.6
2019,6. Captain Marvel,6.8
2019,7. Spider-Man: Far from Home,7.4
2019,8. Aladdin,6.9
2019,9. Joker,8.3
2019,10. Jumanji: The Next Level,6.6
2019,11. Det: Kapitel 2,6.5
2019,12. Us,6.8
2019,13. Fast & Furious: Hobbs & Shaw,6.5
2019,14. John Wick: Chapter 3 - Parabellum,7.4
2019,15. Knives Out,7.9
2019,16. Draktränaren 3,7.4
2019,17. 1917,8.2
2019,18. Husdjurens hemliga liv 2,6.4
2019,19. Pokémon: Detective Pikachu,6.5
2019,20. Once Upon a Time in Hollywood,7.6
2019,21. Shazam!,7.0
2019,22. Le Mans '66,8.1
2019,23. Dumbo,6.3
2019,24. Maleficent 2: Ondskans härskarinna,6.6
2019,25. Glass,6.6
2020,1. Bad Boys for Life,6.5
2020,2. A Quiet Place Part II,7.2
2020,3. Sonic the Hedgehog,6.5
2020,4. Birds of Prey,6.1
2020,5. Dolittle,5.6
2020,6. The Invisible Man,7.1
2020,7. The Call of the Wild - Skriet från vildmarken,6.7
2020,8. Framåt,7.4
2020,9. Croodarna 2: En ny tid,6.9
2020,10. Tenet,7.3
2020,11. Demon Slayer: Kimetsu No Yaiba - The Movie: Mugen Train,8.2
2020,12. Wonder Woman 1984,5.4
2020,13. Fantasy Island,4.9
2020,14. The New Mutants,5.3
2020,15. Like a Boss,4.7
2020,16. I krig med morfar,5.7
2020,17. Unhinged,6.0
2020,18. The Photograph,6.1
2020,19. Underwater,5.9
2020,20. The Turning,3.9
2020,21. Greta och Hans,5.5
2020,22. Monster Hunter,5.2
2020,23. Honest Thief,6.0
2020,24. The Way Back,6.7
2020,25. News of the World,6.8
2021,1. Spider-Man: No Way Home,8.2
2021,2. Shang-Chi and the Legend of the Ten Rings,7.4
2021,3. Venom: Let There Be Carnage,5.9
2021,4. Black Widow,6.6
2021,5. Fast & Furious 9,5.2
2021,6. Eternals,6.3
2021,7. Sing 2,7.3
2021,8. No Time to Die,7.3
2021,9. Ghostbusters: Afterlife,7.0
2021,10. Free Guy,7.1
2021,11. Jungle Cruise,6.6
2021,12. Dune,8.0
2021,13. Godzilla vs. Kong,6.3
2021,14. Encanto,7.2
2021,15. Halloween Kills,5.5
2021,16. The Black Phone,6.9
2021,17. Cruella,7.3
2021,18. Space Jam: A New Legacy,4.5
2021,19. The Conjuring: The Devil Made Me Do It,6.3
2021,20. Candyman,5.9
2021,21. Baby-bossen 2: Familjeföretaget,5.9
2021,22. Familjen Addams 2,5.4
2021,23. The Suicide Squad,7.2
2021,24. Raya och den sista draken,7.3
2021,25. House of Gucci,6.6
2022,1. Top Gun: Maverick,8.2
2022,2. Avatar: The Way of Water,7.5
2022,3. Black Panther: Wakanda Forever,6.7
2022,4. Doctor Strange in the Multiverse of Madness,6.9
2022,5. Jurassic World Dominion,5.6
2022,6. Minioner: Berättelsen om Gru,6.5
2022,7. The Batman,7.8
2022,8. Thor: Love and Thunder,6.2
2022,9. Sonic the Hedgehog 2,6.5
2022,10. Mästerkatten 2,7.8
2022,11. Black Adam,6.2
2022,12. Elvis,7.3
2022,13. Uncharted,6.3
2022,14. Nope,6.8
2022,15. Lightyear,6.1
2022,16. Smile,6.5
2022,17. The Lost City,6.1
2022,18. Bullet Train,7.3
2022,19. Tuffa gänget,6.8
2022,20. Fantastiska vidunder: Dumbledores hemligheter,6.2
2022,21. M3GAN,6.3
2022,22. DC League of Super-Pets,7.1
2022,23. Där kräftorna sjunger,7.2
2022,24. Scream,6.3
2022,25. Everything Everywhere All at Once,7.8
2023,1. Barbie,6.8
2023,2. Super Mario Bros. Filmen,7.0
2023,3. Spider-Man: Across the Spider-Verse,8.5
2023,4. Guardians of the Galaxy Vol. 3,7.9
2023,5. Oppenheimer,8.3
2023,6. Den lilla sjöjungfrun,7.2
2023,7. Wonka,7.0
2023,8. Ant-Man and the Wasp: Quantumania,6.0
2023,9. John Wick: Chapter 4,7.6
2023,10. Sound of Freedom,7.6
2023,11. Taylor Swift: The Eras Tour,8.0
2023,12. Indiana Jones and the Dial of Destiny,6.5
2023,13. Mission: Impossible - Dead Reckoning Part One,7.7
2023,14. The Hunger Games: The Ballad of Songbirds & Snakes,6.7
2023,15. Transformers: Rise of the Beasts,6.0
2023,16. Creed III,6.7
2023,17. Elementärt,7.0
2023,18. Fast X,5.7
2023,19. Five Nights at Freddy's,5.4
2023,20. Änder!,6.6
2023,21. Aquaman and the Lost Kingdom,5.6
2023,22. Teenage Mutant Ninja Turtles: Mutant Mayhem,7.2
2023,23. Scream VI,6.4
2023,24. The Flash,6.6
2023,25. Trolls 3,6.0
2024,1. Insidan ut 2,7.6
2024,2. Deadpool & Wolverine,7.6
2024,3. Wicked,7.9
2024,4. Vaiana 2,7.0
2024,5. Dumma mej 4,6.2
2024,6. Beetlejuice Beetlejuice,6.7
2024,7. Dune: Part Two,8.5
2024,8. Twisters,6.5
2024,9. Godzilla x Kong: The New Empire,6.1
2024,10. Kung Fu Panda 4,6.3
2024,11. Bad Boys: Ride or Die,6.5
2024,12. Sonic the Hedgehog 3,7.3
2024,13. Kingdom of the Planet of the Apes,6.9
2024,14. Gladiator II,6.7
2024,15. Mufasa: Lejonkungen,6.7
2024,16. Det slutar med oss,6.4
2024,17. Den vilda roboten,8.2
2024,18. Venom: The Last Dance,6.0
2024,19. A Quiet Place: Day One,6.3
2024,20. Ghostbusters: Frozen Empire,6.1
2024,21. IF - Låtsaskompisar,6.4
2024,22. Alien: Romulus,7.1
2024,23. Red One,6.4
2024,24. Bob Marley: One Love,6.2
2024,25. The Fall Guy,6.9
